ccc_name,ccc_id,ccc_source_institution_id,uc_name,uc_id,uc_source_institution_id,academic_year,academic_year_id,report_count,all_report_count,status,http_status,response_bytes,file_path,error
Allan Hancock College,110,110,"University of California, Berkeley",79,79,2025-2026,76,95,1,success,200,12222,json/allan_hancock_college__to__university_of_california_berkeley.json,
Allan Hancock College,110,110,"University of California, Davis",89,89,2025-2026,76,119,1,success,200,15193,json/allan_hancock_college__to__university_of_california_davis.json,
Allan Hancock College,110,110,"University of California, Irvine",120,120,2025-2026,76,90,1,success,200,11744,json/allan_hancock_college__to__university_of_california_irvine.json,
Allan Hancock College,110,110,"University of California, Los Angeles",117,117,2025-2026,76,134,1,success,200,17335,json/allan_hancock_college__to__university_of_california_los_angeles.json,
Allan Hancock College,110,110,"University of California, Merced",144,144,2025-2026,76,123,1,success,200,19776,json/allan_hancock_college__to__university_of_california_merced.json,
Allan Hancock College,110,110,"University of California, Riverside",46,46,2025-2026,76,85,1,success,200,11176,json/allan_hancock_college__to__university_of_california_riverside.json,
Allan Hancock College,110,110,"University of California, San Diego",7,7,2025-2026,76,168,1,success,200,23420,json/allan_hancock_college__to__university_of_california_san_diego.json,
Allan Hancock College,110,110,"University of California, Santa Barbara",128,128,2025-2026,76,102,1,success,200,13806,json/allan_hancock_college__to__university_of_california_santa_barbara.json,
Allan Hancock College,110,110,"University of California, Santa Cruz",132,132,2025-2026,76,130,1,success,200,17340,json/allan_hancock_college__to__university_of_california_santa_cruz.json,
American River College,27,27,"University of California, Berkeley",79,79,2025-2026,76,95,1,success,200,12126,json/american_river_college__to__university_of_california_berkeley.json,
American River College,27,27,"University of California, Davis",89,89,2025-2026,76,119,1,success,200,15073,json/american_river_college__to__university_of_california_davis.json,
American River College,27,27,"University of California, Irvine",120,120,2025-2026,76,90,1,success,200,11653,json/american_river_college__to__university_of_california_irvine.json,
American River College,27,27,"University of California, Los Angeles",117,117,2025-2026,76,134,1,success,200,17200,json/american_river_college__to__university_of_california_los_angeles.json,
American River College,27,27,"University of California, Merced",144,144,2025-2026,76,123,1,success,200,19652,json/american_river_college__to__university_of_california_merced.json,
American River College,27,27,"University of California, Riverside",46,46,2025-2026,76,85,1,success,200,11090,json/american_river_college__to__university_of_california_riverside.json,
American River College,27,27,"University of California, San Diego",7,7,2025-2026,76,168,1,success,200,23251,json/american_river_college__to__university_of_california_san_diego.json,
American River College,27,27,"University of California, Santa Barbara",128,128,2025-2026,76,102,1,success,200,13703,json/american_river_college__to__university_of_california_santa_barbara.json,
American River College,27,27,"University of California, Santa Cruz",132,132,2025-2026,76,130,1,success,200,17209,json/american_river_college__to__university_of_california_santa_cruz.json,
Antelope Valley College,121,121,"University of California, Berkeley",79,79,2025-2026,76,95,1,success,200,12222,json/antelope_valley_college__to__university_of_california_berkeley.json,
Antelope Valley College,121,121,"University of California, Davis",89,89,2025-2026,76,119,1,success,200,15193,json/antelope_valley_college__to__university_of_california_davis.json,
Antelope Valley College,121,121,"University of California, Irvine",120,120,2025-2026,76,90,1,success,200,11744,json/antelope_valley_college__to__university_of_california_irvine.json,
Antelope Valley College,121,121,"University of California, Los Angeles",117,117,2025-2026,76,134,1,success,200,17335,json/antelope_valley_college__to__university_of_california_los_angeles.json,
Antelope Valley College,121,121,"University of California, Merced",144,144,2025-2026,76,123,1,success,200,19776,json/antelope_valley_college__to__university_of_california_merced.json,
Antelope Valley College,121,121,"University of California, Riverside",46,46,2025-2026,76,85,1,success,200,11176,json/antelope_valley_college__to__university_of_california_riverside.json,
Antelope Valley College,121,121,"University of California, San Diego",7,7,2025-2026,76,168,1,success,200,23420,json/antelope_valley_college__to__university_of_california_san_diego.json,
Antelope Valley College,121,121,"University of California, Santa Barbara",128,128,2025-2026,76,102,1,success,200,13806,json/antelope_valley_college__to__university_of_california_santa_barbara.json,
Antelope Valley College,121,121,"University of California, Santa Cruz",132,132,2025-2026,76,130,1,success,200,17340,json/antelope_valley_college__to__university_of_california_santa_cruz.json,
Bakersfield College,84,84,"University of California, Berkeley",79,79,2025-2026,76,95,1,success,200,12126,json/bakersfield_college__to__university_of_california_berkeley.json,
Bakersfield College,84,84,"University of California, Davis",89,89,2025-2026,76,119,1,success,200,15073,json/bakersfield_college__to__university_of_california_davis.json,
Bakersfield College,84,84,"University of California, Irvine",120,120,2025-2026,76,90,1,success,200,11653,json/bakersfield_college__to__university_of_california_irvine.json,
Bakersfield College,84,84,"University of California, Los Angeles",117,117,2025-2026,76,134,1,success,200,17200,json/bakersfield_college__to__university_of_california_los_angeles.json,
Bakersfield College,84,84,"University of California, Merced",144,144,2025-2026,76,123,1,success,200,19652,json/bakersfield_college__to__university_of_california_merced.json,
Bakersfield College,84,84,"University of California, Riverside",46,46,2025-2026,76,85,1,success,200,11090,json/bakersfield_college__to__university_of_california_riverside.json,
Bakersfield College,84,84,"University of California, San Diego",7,7,2025-2026,76,168,1,success,200,23251,json/bakersfield_college__to__university_of_california_san_diego.json,
Bakersfield College,84,84,"University of California, Santa Barbara",128,128,2025-2026,76,102,1,success,200,13703,json/bakersfield_college__to__university_of_california_santa_barbara.json,
Bakersfield College,84,84,"University of California, Santa Cruz",132,132,2025-2026,76,130,1,success,200,17209,json/bakersfield_college__to__university_of_california_santa_cruz.json,
Barstow Community College,20,20,"University of California, Berkeley",79,79,2025-2026,76,95,1,success,200,12126,json/barstow_community_college__to__university_of_california_berkeley.json,
Barstow Community College,20,20,"University of California, Davis",89,89,2025-2026,76,119,1,success,200,15073,json/barstow_community_college__to__university_of_california_davis.json,
Barstow Community College,20,20,"University of California, Irvine",120,120,2025-2026,76,90,1,success,200,11653,json/barstow_community_college__to__university_of_california_irvine.json,
Barstow Community College,20,20,"University of California, Los Angeles",117,117,2025-2026,76,134,1,success,200,17200,json/barstow_community_college__to__university_of_california_los_angeles.json,
Barstow Community College,20,20,"University of California, Merced",144,144,2025-2026,76,123,1,success,200,19652,json/barstow_community_college__to__university_of_california_merced.json,
Barstow Community College,20,20,"University of California, Riverside",46,46,2025-2026,76,85,1,success,200,11090,json/barstow_community_college__to__university_of_california_riverside.json,
Barstow Community College,20,20,"University of California, San Diego",7,7,2025-2026,76,168,1,success,200,23251,json/barstow_community_college__to__university_of_california_san_diego.json,
Barstow Community College,20,20,"University of California, Santa Barbara",128,128,2025-2026,76,102,1,success,200,13703,json/barstow_community_college__to__university_of_california_santa_barbara.json,
Barstow Community College,20,20,"University of California, Santa Cruz",132,132,2025-2026,76,130,1,success,200,17209,json/barstow_community_college__to__university_of_california_santa_cruz.json,
Berkeley City College,58,58,"University of California, Berkeley",79,79,2025-2026,76,95,1,success,200,12126,json/berkeley_city_college__to__university_of_california_berkeley.json,
Berkeley City College,58,58,"University of California, Davis",89,89,2025-2026,76,119,1,success,200,15073,json/berkeley_city_college__to__university_of_california_davis.json,
Berkeley City College,58,58,"University of California, Irvine",120,120,2025-2026,76,90,1,success,200,11653,json/berkeley_city_college__to__university_of_california_irvine.json,
Berkeley City College,58,58,"University of California, Los Angeles",117,117,2025-2026,76,134,1,success,200,17200,json/berkeley_city_college__to__university_of_california_los_angeles.json,
Berkeley City College,58,58,"University of California, Merced",144,144,2025-2026,76,123,1,success,200,19652,json/berkeley_city_college__to__university_of_california_merced.json,
Berkeley City College,58,58,"University of California, Riverside",46,46,2025-2026,76,85,1,success,200,11090,json/berkeley_city_college__to__university_of_california_riverside.json,
Berkeley City College,58,58,"University of California, San Diego",7,7,2025-2026,76,168,1,success,200,23251,json/berkeley_city_college__to__university_of_california_san_diego.json,
Berkeley City College,58,58,"University of California, Santa Barbara",128,128,2025-2026,76,102,1,success,200,13703,json/berkeley_city_college__to__university_of_california_santa_barbara.json,
Berkeley City College,58,58,"University of California, Santa Cruz",132,132,2025-2026,76,130,1,success,200,17209,json/berkeley_city_college__to__university_of_california_santa_cruz.json,
Butte College,8,8,"University of California, Berkeley",79,79,2025-2026,76,95,1,success,200,12030,json/butte_college__to__university_of_california_berkeley.json,
Butte College,8,8,"University of California, Davis",89,89,2025-2026,76,119,1,success,200,14953,json/butte_college__to__university_of_california_davis.json,
Butte College,8,8,"University of California, Irvine",120,120,2025-2026,76,90,1,success,200,11562,json/butte_college__to__university_of_california_irvine.json,
Butte College,8,8,"University of California, Los Angeles",117,117,2025-2026,76,134,1,success,200,17065,json/butte_college__to__university_of_california_los_angeles.json,
Butte College,8,8,"University of California, Merced",144,144,2025-2026,76,123,1,success,200,19528,json/butte_college__to__university_of_california_merced.json,
Butte College,8,8,"University of California, Riverside",46,46,2025-2026,76,85,1,success,200,11004,json/butte_college__to__university_of_california_riverside.json,
Butte College,8,8,"University of California, San Diego",7,7,2025-2026,76,168,1,success,200,23082,json/butte_college__to__university_of_california_san_diego.json,
Butte College,8,8,"University of California, Santa Barbara",128,128,2025-2026,76,102,1,success,200,13600,json/butte_college__to__university_of_california_santa_barbara.json,
Butte College,8,8,"University of California, Santa Cruz",132,132,2025-2026,76,130,1,success,200,17078,json/butte_college__to__university_of_california_santa_cruz.json,
Cabrillo College,41,41,"University of California, Berkeley",79,79,2025-2026,76,95,1,success,200,12126,json/cabrillo_college__to__university_of_california_berkeley.json,
Cabrillo College,41,41,"University of California, Davis",89,89,2025-2026,76,119,1,success,200,15073,json/cabrillo_college__to__university_of_california_davis.json,
Cabrillo College,41,41,"University of California, Irvine",120,120,2025-2026,76,90,1,success,200,11653,json/cabrillo_college__to__university_of_california_irvine.json,
Cabrillo College,41,41,"University of California, Los Angeles",117,117,2025-2026,76,134,1,success,200,17200,json/cabrillo_college__to__university_of_california_los_angeles.json,
Cabrillo College,41,41,"University of California, Merced",144,144,2025-2026,76,123,1,success,200,19652,json/cabrillo_college__to__university_of_california_merced.json,
Cabrillo College,41,41,"University of California, Riverside",46,46,2025-2026,76,85,1,success,200,11090,json/cabrillo_college__to__university_of_california_riverside.json,
Cabrillo College,41,41,"University of California, San Diego",7,7,2025-2026,76,168,1,success,200,23251,json/cabrillo_college__to__university_of_california_san_diego.json,
Cabrillo College,41,41,"University of California, Santa Barbara",128,128,2025-2026,76,102,1,success,200,13703,json/cabrillo_college__to__university_of_california_santa_barbara.json,
Cabrillo College,41,41,"University of California, Santa Cruz",132,132,2025-2026,76,130,1,success,200,17209,json/cabrillo_college__to__university_of_california_santa_cruz.json,
Canada College,68,68,"University of California, Berkeley",79,79,2025-2026,76,95,1,success,200,12126,json/canada_college__to__university_of_california_berkeley.json,
Canada College,68,68,"University of California, Davis",89,89,2025-2026,76,119,1,success,200,15073,json/canada_college__to__university_of_california_davis.json,
Canada College,68,68,"University of California, Irvine",120,120,2025-2026,76,90,1,success,200,11653,json/canada_college__to__university_of_california_irvine.json,
Canada College,68,68,"University of California, Los Angeles",117,117,2025-2026,76,134,1,success,200,17200,json/canada_college__to__university_of_california_los_angeles.json,
Canada College,68,68,"University of California, Merced",144,144,2025-2026,76,123,1,success,200,19652,json/canada_college__to__university_of_california_merced.json,
Canada College,68,68,"University of California, Riverside",46,46,2025-2026,76,85,1,success,200,11090,json/canada_college__to__university_of_california_riverside.json,
Canada College,68,68,"University of California, San Diego",7,7,2025-2026,76,168,1,success,200,23251,json/canada_college__to__university_of_california_san_diego.json,
Canada College,68,68,"University of California, Santa Barbara",128,128,2025-2026,76,102,1,success,200,13703,json/canada_college__to__university_of_california_santa_barbara.json,
Canada College,68,68,"University of California, Santa Cruz",132,132,2025-2026,76,130,1,success,200,17209,json/canada_college__to__university_of_california_santa_cruz.json,
Cerritos College,104,104,"University of California, Berkeley",79,79,2025-2026,76,95,1,success,200,12222,json/cerritos_college__to__university_of_california_berkeley.json,
Cerritos College,104,104,"University of California, Davis",89,89,2025-2026,76,119,1,success,200,15193,json/cerritos_college__to__university_of_california_davis.json,
Cerritos College,104,104,"University of California, Irvine",120,120,2025-2026,76,90,1,success,200,11744,json/cerritos_college__to__university_of_california_irvine.json,
Cerritos College,104,104,"University of California, Los Angeles",117,117,2025-2026,76,134,1,success,200,17335,json/cerritos_college__to__university_of_california_los_angeles.json,
Cerritos College,104,104,"University of California, Merced",144,144,2025-2026,76,123,1,success,200,19776,json/cerritos_college__to__university_of_california_merced.json,
Cerritos College,104,104,"University of California, Riverside",46,46,2025-2026,76,85,1,success,200,11176,json/cerritos_college__to__university_of_california_riverside.json,
Cerritos College,104,104,"University of California, San Diego",7,7,2025-2026,76,168,1,success,200,23420,json/cerritos_college__to__university_of_california_san_diego.json,
Cerritos College,104,104,"University of California, Santa Barbara",128,128,2025-2026,76,102,1,success,200,13806,json/cerritos_college__to__university_of_california_santa_barbara.json,
Cerritos College,104,104,"University of California, Santa Cruz",132,132,2025-2026,76,130,1,success,200,17340,json/cerritos_college__to__university_of_california_santa_cruz.json,
Cerro Coso Community College,9,9,"University of California, Berkeley",79,79,2025-2026,76,95,1,success,200,12030,json/cerro_coso_community_college__to__university_of_california_berkeley.json,
Cerro Coso Community College,9,9,"University of California, Davis",89,89,2025-2026,76,119,1,success,200,14953,json/cerro_coso_community_college__to__university_of_california_davis.json,
Cerro Coso Community College,9,9,"University of California, Irvine",120,120,2025-2026,76,90,1,success,200,11562,json/cerro_coso_community_college__to__university_of_california_irvine.json,
Cerro Coso Community College,9,9,"University of California, Los Angeles",117,117,2025-2026,76,134,1,success,200,17065,json/cerro_coso_community_college__to__university_of_california_los_angeles.json,
Cerro Coso Community College,9,9,"University of California, Merced",144,144,2025-2026,76,123,1,success,200,19528,json/cerro_coso_community_college__to__university_of_california_merced.json,
Cerro Coso Community College,9,9,"University of California, Riverside",46,46,2025-2026,76,85,1,success,200,11004,json/cerro_coso_community_college__to__university_of_california_riverside.json,
Cerro Coso Community College,9,9,"University of California, San Diego",7,7,2025-2026,76,168,1,success,200,23082,json/cerro_coso_community_college__to__university_of_california_san_diego.json,
Cerro Coso Community College,9,9,"University of California, Santa Barbara",128,128,2025-2026,76,102,1,success,200,13600,json/cerro_coso_community_college__to__university_of_california_santa_barbara.json,
Cerro Coso Community College,9,9,"University of California, Santa Cruz",132,132,2025-2026,76,130,1,success,200,17078,json/cerro_coso_community_college__to__university_of_california_santa_cruz.json,
Chabot College,96,96,"University of California, Berkeley",79,79,2025-2026,76,95,1,success,200,12126,json/chabot_college__to__university_of_california_berkeley.json,
Chabot College,96,96,"University of California, Davis",89,89,2025-2026,76,119,1,success,200,15073,json/chabot_college__to__university_of_california_davis.json,
Chabot College,96,96,"University of California, Irvine",120,120,2025-2026,76,90,1,success,200,11653,json/chabot_college__to__university_of_california_irvine.json,
Chabot College,96,96,"University of California, Los Angeles",117,117,2025-2026,76,134,1,success,200,17200,json/chabot_college__to__university_of_california_los_angeles.json,
Chabot College,96,96,"University of California, Merced",144,144,2025-2026,76,123,1,success,200,19652,json/chabot_college__to__university_of_california_merced.json,
Chabot College,96,96,"University of California, Riverside",46,46,2025-2026,76,85,1,success,200,11090,json/chabot_college__to__university_of_california_riverside.json,
Chabot College,96,96,"University of California, San Diego",7,7,2025-2026,76,168,1,success,200,23251,json/chabot_college__to__university_of_california_san_diego.json,
Chabot College,96,96,"University of California, Santa Barbara",128,128,2025-2026,76,102,1,success,200,13703,json/chabot_college__to__university_of_california_santa_barbara.json,
Chabot College,96,96,"University of California, Santa Cruz",132,132,2025-2026,76,130,1,success,200,17209,json/chabot_college__to__university_of_california_santa_cruz.json,
Chaffey College,69,69,"University of California, Berkeley",79,79,2025-2026,76,95,1,success,200,12126,json/chaffey_college__to__university_of_california_berkeley.json,
Chaffey College,69,69,"University of California, Davis",89,89,2025-2026,76,119,1,success,200,15073,json/chaffey_college__to__university_of_california_davis.json,
Chaffey College,69,69,"University of California, Irvine",120,120,2025-2026,76,90,1,success,200,11653,json/chaffey_college__to__university_of_california_irvine.json,
Chaffey College,69,69,"University of California, Los Angeles",117,117,2025-2026,76,134,1,success,200,17200,json/chaffey_college__to__university_of_california_los_angeles.json,
Chaffey College,69,69,"University of California, Merced",144,144,2025-2026,76,123,1,success,200,19652,json/chaffey_college__to__university_of_california_merced.json,
Chaffey College,69,69,"University of California, Riverside",46,46,2025-2026,76,85,1,success,200,11090,json/chaffey_college__to__university_of_california_riverside.json,
Chaffey College,69,69,"University of California, San Diego",7,7,2025-2026,76,168,1,success,200,23251,json/chaffey_college__to__university_of_california_san_diego.json,
Chaffey College,69,69,"University of California, Santa Barbara",128,128,2025-2026,76,102,1,success,200,13703,json/chaffey_college__to__university_of_california_santa_barbara.json,
Chaffey College,69,69,"University of California, Santa Cruz",132,132,2025-2026,76,130,1,success,200,17209,json/chaffey_college__to__university_of_california_santa_cruz.json,
Citrus College,97,97,"University of California, Berkeley",79,79,2025-2026,76,95,1,success,200,12126,json/citrus_college__to__university_of_california_berkeley.json,
Citrus College,97,97,"University of California, Davis",89,89,2025-2026,76,119,1,success,200,15073,json/citrus_college__to__university_of_california_davis.json,
Citrus College,97,97,"University of California, Irvine",120,120,2025-2026,76,90,1,success,200,11653,json/citrus_college__to__university_of_california_irvine.json,
Citrus College,97,97,"University of California, Los Angeles",117,117,2025-2026,76,134,1,success,200,17200,json/citrus_college__to__university_of_california_los_angeles.json,
Citrus College,97,97,"University of California, Merced",144,144,2025-2026,76,123,1,success,200,19652,json/citrus_college__to__university_of_california_merced.json,
Citrus College,97,97,"University of California, Riverside",46,46,2025-2026,76,85,1,success,200,11090,json/citrus_college__to__university_of_california_riverside.json,
Citrus College,97,97,"University of California, San Diego",7,7,2025-2026,76,168,1,success,200,23251,json/citrus_college__to__university_of_california_san_diego.json,
Citrus College,97,97,"University of California, Santa Barbara",128,128,2025-2026,76,102,1,success,200,13703,json/citrus_college__to__university_of_california_santa_barbara.json,
Citrus College,97,97,"University of California, Santa Cruz",132,132,2025-2026,76,130,1,success,200,17209,json/citrus_college__to__university_of_california_santa_cruz.json,
City College of San Francisco,33,33,"University of California, Berkeley",79,79,2025-2026,76,95,1,success,200,12126,json/city_college_of_san_francisco__to__university_of_california_berkeley.json,
City College of San Francisco,33,33,"University of California, Davis",89,89,2025-2026,76,119,1,success,200,15073,json/city_college_of_san_francisco__to__university_of_california_davis.json,
City College of San Francisco,33,33,"University of California, Irvine",120,120,2025-2026,76,90,1,success,200,11653,json/city_college_of_san_francisco__to__university_of_california_irvine.json,
City College of San Francisco,33,33,"University of California, Los Angeles",117,117,2025-2026,76,134,1,success,200,17200,json/city_college_of_san_francisco__to__university_of_california_los_angeles.json,
City College of San Francisco,33,33,"University of California, Merced",144,144,2025-2026,76,123,1,success,200,19652,json/city_college_of_san_francisco__to__university_of_california_merced.json,
City College of San Francisco,33,33,"University of California, Riverside",46,46,2025-2026,76,85,1,success,200,11090,json/city_college_of_san_francisco__to__university_of_california_riverside.json,
City College of San Francisco,33,33,"University of California, San Diego",7,7,2025-2026,76,168,1,success,200,23251,json/city_college_of_san_francisco__to__university_of_california_san_diego.json,
City College of San Francisco,33,33,"University of California, Santa Barbara",128,128,2025-2026,76,102,1,success,200,13703,json/city_college_of_san_francisco__to__university_of_california_santa_barbara.json,
City College of San Francisco,33,33,"University of California, Santa Cruz",132,132,2025-2026,76,130,1,success,200,17209,json/city_college_of_san_francisco__to__university_of_california_santa_cruz.json,
Clovis Community College,150,150,"University of California, Berkeley",79,79,2025-2026,76,95,1,success,200,12222,json/clovis_community_college__to__university_of_california_berkeley.json,
Clovis Community College,150,150,"University of California, Davis",89,89,2025-2026,76,119,1,success,200,15193,json/clovis_community_college__to__university_of_california_davis.json,
Clovis Community College,150,150,"University of California, Irvine",120,120,2025-2026,76,90,1,success,200,11744,json/clovis_community_college__to__university_of_california_irvine.json,
Clovis Community College,150,150,"University of California, Los Angeles",117,117,2025-2026,76,134,1,success,200,17335,json/clovis_community_college__to__university_of_california_los_angeles.json,
Clovis Community College,150,150,"University of California, Merced",144,144,2025-2026,76,123,1,success,200,19776,json/clovis_community_college__to__university_of_california_merced.json,
Clovis Community College,150,150,"University of California, Riverside",46,46,2025-2026,76,85,1,success,200,11176,json/clovis_community_college__to__university_of_california_riverside.json,
Clovis Community College,150,150,"University of California, San Diego",7,7,2025-2026,76,168,1,success,200,23420,json/clovis_community_college__to__university_of_california_san_diego.json,
Clovis Community College,150,150,"University of California, Santa Barbara",128,128,2025-2026,76,102,1,success,200,13806,json/clovis_community_college__to__university_of_california_santa_barbara.json,
Clovis Community College,150,150,"University of California, Santa Cruz",132,132,2025-2026,76,130,1,success,200,17340,json/clovis_community_college__to__university_of_california_santa_cruz.json,
Coalinga College,67,67,"University of California, Berkeley",79,79,2025-2026,76,95,1,success,200,12126,json/coalinga_college__to__university_of_california_berkeley.json,
Coalinga College,67,67,"University of California, Davis",89,89,2025-2026,76,119,1,success,200,15073,json/coalinga_college__to__university_of_california_davis.json,
Coalinga College,67,67,"University of California, Irvine",120,120,2025-2026,76,90,1,success,200,11653,json/coalinga_college__to__university_of_california_irvine.json,
Coalinga College,67,67,"University of California, Los Angeles",117,117,2025-2026,76,134,1,success,200,17200,json/coalinga_college__to__university_of_california_los_angeles.json,
Coalinga College,67,67,"University of California, Merced",144,144,2025-2026,76,123,1,success,200,19652,json/coalinga_college__to__university_of_california_merced.json,
Coalinga College,67,67,"University of California, Riverside",46,46,2025-2026,76,85,1,success,200,11090,json/coalinga_college__to__university_of_california_riverside.json,
Coalinga College,67,67,"University of California, San Diego",7,7,2025-2026,76,168,1,success,200,23251,json/coalinga_college__to__university_of_california_san_diego.json,
Coalinga College,67,67,"University of California, Santa Barbara",128,128,2025-2026,76,102,1,success,200,13703,json/coalinga_college__to__university_of_california_santa_barbara.json,
Coalinga College,67,67,"University of California, Santa Cruz",132,132,2025-2026,76,130,1,success,200,17209,json/coalinga_college__to__university_of_california_santa_cruz.json,
Coastline Community College,105,105,"University of California, Berkeley",79,79,2025-2026,76,95,1,success,200,12222,json/coastline_community_college__to__university_of_california_berkeley.json,
Coastline Community College,105,105,"University of California, Davis",89,89,2025-2026,76,119,1,success,200,15193,json/coastline_community_college__to__university_of_california_davis.json,
Coastline Community College,105,105,"University of California, Irvine",120,120,2025-2026,76,90,1,success,200,11744,json/coastline_community_college__to__university_of_california_irvine.json,
Coastline Community College,105,105,"University of California, Los Angeles",117,117,2025-2026,76,134,1,success,200,17335,json/coastline_community_college__to__university_of_california_los_angeles.json,
Coastline Community College,105,105,"University of California, Merced",144,144,2025-2026,76,123,1,success,200,19776,json/coastline_community_college__to__university_of_california_merced.json,
Coastline Community College,105,105,"University of California, Riverside",46,46,2025-2026,76,85,1,success,200,11176,json/coastline_community_college__to__university_of_california_riverside.json,
Coastline Community College,105,105,"University of California, San Diego",7,7,2025-2026,76,168,1,success,200,23420,json/coastline_community_college__to__university_of_california_san_diego.json,
Coastline Community College,105,105,"University of California, Santa Barbara",128,128,2025-2026,76,102,1,success,200,13806,json/coastline_community_college__to__university_of_california_santa_barbara.json,
Coastline Community College,105,105,"University of California, Santa Cruz",132,132,2025-2026,76,130,1,success,200,17340,json/coastline_community_college__to__university_of_california_santa_cruz.json,
College of Alameda,111,111,"University of California, Berkeley",79,79,2025-2026,76,95,1,success,200,12222,json/college_of_alameda__to__university_of_california_berkeley.json,
College of Alameda,111,111,"University of California, Davis",89,89,2025-2026,76,119,1,success,200,15193,json/college_of_alameda__to__university_of_california_davis.json,
College of Alameda,111,111,"University of California, Irvine",120,120,2025-2026,76,90,1,success,200,11744,json/college_of_alameda__to__university_of_california_irvine.json,
College of Alameda,111,111,"University of California, Los Angeles",117,117,2025-2026,76,134,1,success,200,17335,json/college_of_alameda__to__university_of_california_los_angeles.json,
College of Alameda,111,111,"University of California, Merced",144,144,2025-2026,76,123,1,success,200,19776,json/college_of_alameda__to__university_of_california_merced.json,
College of Alameda,111,111,"University of California, Riverside",46,46,2025-2026,76,85,1,success,200,11176,json/college_of_alameda__to__university_of_california_riverside.json,
College of Alameda,111,111,"University of California, San Diego",7,7,2025-2026,76,168,1,success,200,23420,json/college_of_alameda__to__university_of_california_san_diego.json,
College of Alameda,111,111,"University of California, Santa Barbara",128,128,2025-2026,76,102,1,success,200,13806,json/college_of_alameda__to__university_of_california_santa_barbara.json,
College of Alameda,111,111,"University of California, Santa Cruz",132,132,2025-2026,76,130,1,success,200,17340,json/college_of_alameda__to__university_of_california_santa_cruz.json,
College of Marin,4,4,"University of California, Berkeley",79,79,2025-2026,76,95,1,success,200,12030,json/college_of_marin__to__university_of_california_berkeley.json,
College of Marin,4,4,"University of California, Davis",89,89,2025-2026,76,119,1,success,200,14953,json/college_of_marin__to__university_of_california_davis.json,
College of Marin,4,4,"University of California, Irvine",120,120,2025-2026,76,90,1,success,200,11562,json/college_of_marin__to__university_of_california_irvine.json,
College of Marin,4,4,"University of California, Los Angeles",117,117,2025-2026,76,134,1,success,200,17065,json/college_of_marin__to__university_of_california_los_angeles.json,
College of Marin,4,4,"University of California, Merced",144,144,2025-2026,76,123,1,success,200,19528,json/college_of_marin__to__university_of_california_merced.json,
College of Marin,4,4,"University of California, Riverside",46,46,2025-2026,76,85,1,success,200,11004,json/college_of_marin__to__university_of_california_riverside.json,
College of Marin,4,4,"University of California, San Diego",7,7,2025-2026,76,168,1,success,200,23082,json/college_of_marin__to__university_of_california_san_diego.json,
College of Marin,4,4,"University of California, Santa Barbara",128,128,2025-2026,76,102,1,success,200,13600,json/college_of_marin__to__university_of_california_santa_barbara.json,
College of Marin,4,4,"University of California, Santa Cruz",132,132,2025-2026,76,130,1,success,200,17078,json/college_of_marin__to__university_of_california_santa_cruz.json,
College of San Mateo,5,5,"University of California, Berkeley",79,79,2025-2026,76,95,1,success,200,12030,json/college_of_san_mateo__to__university_of_california_berkeley.json,
College of San Mateo,5,5,"University of California, Davis",89,89,2025-2026,76,119,1,success,200,14953,json/college_of_san_mateo__to__university_of_california_davis.json,
College of San Mateo,5,5,"University of California, Irvine",120,120,2025-2026,76,90,1,success,200,11562,json/college_of_san_mateo__to__university_of_california_irvine.json,
College of San Mateo,5,5,"University of California, Los Angeles",117,117,2025-2026,76,134,1,success,200,17065,json/college_of_san_mateo__to__university_of_california_los_angeles.json,
College of San Mateo,5,5,"University of California, Merced",144,144,2025-2026,76,123,1,success,200,19528,json/college_of_san_mateo__to__university_of_california_merced.json,
College of San Mateo,5,5,"University of California, Riverside",46,46,2025-2026,76,85,1,success,200,11004,json/college_of_san_mateo__to__university_of_california_riverside.json,
College of San Mateo,5,5,"University of California, San Diego",7,7,2025-2026,76,168,1,success,200,23082,json/college_of_san_mateo__to__university_of_california_san_diego.json,
College of San Mateo,5,5,"University of California, Santa Barbara",128,128,2025-2026,76,102,1,success,200,13600,json/college_of_san_mateo__to__university_of_california_santa_barbara.json,
College of San Mateo,5,5,"University of California, Santa Cruz",132,132,2025-2026,76,130,1,success,200,17078,json/college_of_san_mateo__to__university_of_california_santa_cruz.json,
College of the Canyons,140,140,"University of California, Berkeley",79,79,2025-2026,76,95,1,success,200,12222,json/college_of_the_canyons__to__university_of_california_berkeley.json,
College of the Canyons,140,140,"University of California, Davis",89,89,2025-2026,76,119,1,success,200,15193,json/college_of_the_canyons__to__university_of_california_davis.json,
College of the Canyons,140,140,"University of California, Irvine",120,120,2025-2026,76,90,1,success,200,11744,json/college_of_the_canyons__to__university_of_california_irvine.json,
College of the Canyons,140,140,"University of California, Los Angeles",117,117,2025-2026,76,134,1,success,200,17335,json/college_of_the_canyons__to__university_of_california_los_angeles.json,
College of the Canyons,140,140,"University of California, Merced",144,144,2025-2026,76,123,1,success,200,19776,json/college_of_the_canyons__to__university_of_california_merced.json,
College of the Canyons,140,140,"University of California, Riverside",46,46,2025-2026,76,85,1,success,200,11176,json/college_of_the_canyons__to__university_of_california_riverside.json,
College of the Canyons,140,140,"University of California, San Diego",7,7,2025-2026,76,168,1,success,200,23420,json/college_of_the_canyons__to__university_of_california_san_diego.json,
College of the Canyons,140,140,"University of California, Santa Barbara",128,128,2025-2026,76,102,1,success,200,13806,json/college_of_the_canyons__to__university_of_california_santa_barbara.json,
College of the Canyons,140,140,"University of California, Santa Cruz",132,132,2025-2026,76,130,1,success,200,17340,json/college_of_the_canyons__to__university_of_california_santa_cruz.json,
College of the Desert,30,30,"University of California, Berkeley",79,79,2025-2026,76,95,1,success,200,12126,json/college_of_the_desert__to__university_of_california_berkeley.json,
College of the Desert,30,30,"University of California, Davis",89,89,2025-2026,76,119,1,success,200,15073,json/college_of_the_desert__to__university_of_california_davis.json,
College of the Desert,30,30,"University of California, Irvine",120,120,2025-2026,76,90,1,success,200,11653,json/college_of_the_desert__to__university_of_california_irvine.json,
College of the Desert,30,30,"University of California, Los Angeles",117,117,2025-2026,76,134,1,success,200,17200,json/college_of_the_desert__to__university_of_california_los_angeles.json,
College of the Desert,30,30,"University of California, Merced",144,144,2025-2026,76,123,1,success,200,19652,json/college_of_the_desert__to__university_of_california_merced.json,
College of the Desert,30,30,"University of California, Riverside",46,46,2025-2026,76,85,1,success,200,11090,json/college_of_the_desert__to__university_of_california_riverside.json,
College of the Desert,30,30,"University of California, San Diego",7,7,2025-2026,76,168,1,success,200,23251,json/college_of_the_desert__to__university_of_california_san_diego.json,
College of the Desert,30,30,"University of California, Santa Barbara",128,128,2025-2026,76,102,1,success,200,13703,json/college_of_the_desert__to__university_of_california_santa_barbara.json,
College of the Desert,30,30,"University of California, Santa Cruz",132,132,2025-2026,76,130,1,success,200,17209,json/college_of_the_desert__to__university_of_california_santa_cruz.json,
College of the Redwoods,83,83,"University of California, Berkeley",79,79,2025-2026,76,95,1,success,200,12126,json/college_of_the_redwoods__to__university_of_california_berkeley.json,
College of the Redwoods,83,83,"University of California, Davis",89,89,2025-2026,76,119,1,success,200,15073,json/college_of_the_redwoods__to__university_of_california_davis.json,
College of the Redwoods,83,83,"University of California, Irvine",120,120,2025-2026,76,90,1,success,200,11653,json/college_of_the_redwoods__to__university_of_california_irvine.json,
College of the Redwoods,83,83,"University of California, Los Angeles",117,117,2025-2026,76,134,1,success,200,17200,json/college_of_the_redwoods__to__university_of_california_los_angeles.json,
College of the Redwoods,83,83,"University of California, Merced",144,144,2025-2026,76,123,1,success,200,19652,json/college_of_the_redwoods__to__university_of_california_merced.json,
College of the Redwoods,83,83,"University of California, Riverside",46,46,2025-2026,76,85,1,success,200,11090,json/college_of_the_redwoods__to__university_of_california_riverside.json,
College of the Redwoods,83,83,"University of California, San Diego",7,7,2025-2026,76,168,1,success,200,23251,json/college_of_the_redwoods__to__university_of_california_san_diego.json,
College of the Redwoods,83,83,"University of California, Santa Barbara",128,128,2025-2026,76,102,1,success,200,13703,json/college_of_the_redwoods__to__university_of_california_santa_barbara.json,
College of the Redwoods,83,83,"University of California, Santa Cruz",132,132,2025-2026,76,130,1,success,200,17209,json/college_of_the_redwoods__to__university_of_california_santa_cruz.json,
College of the Sequoias,6,6,"University of California, Berkeley",79,79,2025-2026,76,95,1,success,200,12030,json/college_of_the_sequoias__to__university_of_california_berkeley.json,
College of the Sequoias,6,6,"University of California, Davis",89,89,2025-2026,76,119,1,success,200,14953,json/college_of_the_sequoias__to__university_of_california_davis.json,
College of the Sequoias,6,6,"University of California, Irvine",120,120,2025-2026,76,90,1,success,200,11562,json/college_of_the_sequoias__to__university_of_california_irvine.json,
College of the Sequoias,6,6,"University of California, Los Angeles",117,117,2025-2026,76,134,1,success,200,17065,json/college_of_the_sequoias__to__university_of_california_los_angeles.json,
College of the Sequoias,6,6,"University of California, Merced",144,144,2025-2026,76,123,1,success,200,19528,json/college_of_the_sequoias__to__university_of_california_merced.json,
College of the Sequoias,6,6,"University of California, Riverside",46,46,2025-2026,76,85,1,success,200,11004,json/college_of_the_sequoias__to__university_of_california_riverside.json,
College of the Sequoias,6,6,"University of California, San Diego",7,7,2025-2026,76,168,1,success,200,23082,json/college_of_the_sequoias__to__university_of_california_san_diego.json,
College of the Sequoias,6,6,"University of California, Santa Barbara",128,128,2025-2026,76,102,1,success,200,13600,json/college_of_the_sequoias__to__university_of_california_santa_barbara.json,
College of the Sequoias,6,6,"University of California, Santa Cruz",132,132,2025-2026,76,130,1,success,200,17078,json/college_of_the_sequoias__to__university_of_california_santa_cruz.json,
College of the Siskiyous,102,102,"University of California, Berkeley",79,79,2025-2026,76,95,1,success,200,12222,json/college_of_the_siskiyous__to__university_of_california_berkeley.json,
College of the Siskiyous,102,102,"University of California, Davis",89,89,2025-2026,76,119,1,success,200,15193,json/college_of_the_siskiyous__to__university_of_california_davis.json,
College of the Siskiyous,102,102,"University of California, Irvine",120,120,2025-2026,76,90,1,success,200,11744,json/college_of_the_siskiyous__to__university_of_california_irvine.json,
College of the Siskiyous,102,102,"University of California, Los Angeles",117,117,2025-2026,76,134,1,success,200,17335,json/college_of_the_siskiyous__to__university_of_california_los_angeles.json,
College of the Siskiyous,102,102,"University of California, Merced",144,144,2025-2026,76,123,1,success,200,19776,json/college_of_the_siskiyous__to__university_of_california_merced.json,
College of the Siskiyous,102,102,"University of California, Riverside",46,46,2025-2026,76,85,1,success,200,11176,json/college_of_the_siskiyous__to__university_of_california_riverside.json,
College of the Siskiyous,102,102,"University of California, San Diego",7,7,2025-2026,76,168,1,success,200,23420,json/college_of_the_siskiyous__to__university_of_california_san_diego.json,
College of the Siskiyous,102,102,"University of California, Santa Barbara",128,128,2025-2026,76,102,1,success,200,13806,json/college_of_the_siskiyous__to__university_of_california_santa_barbara.json,
College of the Siskiyous,102,102,"University of California, Santa Cruz",132,132,2025-2026,76,130,1,success,200,17340,json/college_of_the_siskiyous__to__university_of_california_santa_cruz.json,
Columbia College,10,10,"University of California, Berkeley",79,79,2025-2026,76,95,1,success,200,12126,json/columbia_college__to__university_of_california_berkeley.json,
Columbia College,10,10,"University of California, Davis",89,89,2025-2026,76,119,1,success,200,15073,json/columbia_college__to__university_of_california_davis.json,
Columbia College,10,10,"University of California, Irvine",120,120,2025-2026,76,90,1,success,200,11653,json/columbia_college__to__university_of_california_irvine.json,
Columbia College,10,10,"University of California, Los Angeles",117,117,2025-2026,76,134,1,success,200,17200,json/columbia_college__to__university_of_california_los_angeles.json,
Columbia College,10,10,"University of California, Merced",144,144,2025-2026,76,123,1,success,200,19652,json/columbia_college__to__university_of_california_merced.json,
Columbia College,10,10,"University of California, Riverside",46,46,2025-2026,76,85,1,success,200,11090,json/columbia_college__to__university_of_california_riverside.json,
Columbia College,10,10,"University of California, San Diego",7,7,2025-2026,76,168,1,success,200,23251,json/columbia_college__to__university_of_california_san_diego.json,
Columbia College,10,10,"University of California, Santa Barbara",128,128,2025-2026,76,102,1,success,200,13703,json/columbia_college__to__university_of_california_santa_barbara.json,
Columbia College,10,10,"University of California, Santa Cruz",132,132,2025-2026,76,130,1,success,200,17209,json/columbia_college__to__university_of_california_santa_cruz.json,
Compton College,153,153,"University of California, Berkeley",79,79,2025-2026,76,95,1,success,200,12222,json/compton_college__to__university_of_california_berkeley.json,
Compton College,153,153,"University of California, Davis",89,89,2025-2026,76,119,1,success,200,15193,json/compton_college__to__university_of_california_davis.json,
Compton College,153,153,"University of California, Irvine",120,120,2025-2026,76,90,1,success,200,11744,json/compton_college__to__university_of_california_irvine.json,
Compton College,153,153,"University of California, Los Angeles",117,117,2025-2026,76,134,1,success,200,17335,json/compton_college__to__university_of_california_los_angeles.json,
Compton College,153,153,"University of California, Merced",144,144,2025-2026,76,123,1,success,200,19776,json/compton_college__to__university_of_california_merced.json,
Compton College,153,153,"University of California, Riverside",46,46,2025-2026,76,85,1,success,200,11176,json/compton_college__to__university_of_california_riverside.json,
Compton College,153,153,"University of California, San Diego",7,7,2025-2026,76,168,1,success,200,23420,json/compton_college__to__university_of_california_san_diego.json,
Compton College,153,153,"University of California, Santa Barbara",128,128,2025-2026,76,102,1,success,200,13806,json/compton_college__to__university_of_california_santa_barbara.json,
Compton College,153,153,"University of California, Santa Cruz",132,132,2025-2026,76,130,1,success,200,17340,json/compton_college__to__university_of_california_santa_cruz.json,
Compton Community College,34,34,"University of California, Berkeley",79,79,2025-2026,76,0,0,empty,200,30,json/compton_community_college__to__university_of_california_berkeley.json,
Compton Community College,34,34,"University of California, Davis",89,89,2025-2026,76,0,0,empty,200,30,json/compton_community_college__to__university_of_california_davis.json,
Compton Community College,34,34,"University of California, Irvine",120,120,2025-2026,76,0,0,empty,200,30,json/compton_community_college__to__university_of_california_irvine.json,
Compton Community College,34,34,"University of California, Los Angeles",117,117,2025-2026,76,0,0,empty,200,30,json/compton_community_college__to__university_of_california_los_angeles.json,
Compton Community College,34,34,"University of California, Merced",144,144,2025-2026,76,0,0,empty,200,30,json/compton_community_college__to__university_of_california_merced.json,
Compton Community College,34,34,"University of California, Riverside",46,46,2025-2026,76,0,0,empty,200,30,json/compton_community_college__to__university_of_california_riverside.json,
Compton Community College,34,34,"University of California, San Diego",7,7,2025-2026,76,0,0,empty,200,30,json/compton_community_college__to__university_of_california_san_diego.json,
Compton Community College,34,34,"University of California, Santa Barbara",128,128,2025-2026,76,0,0,empty,200,30,json/compton_community_college__to__university_of_california_santa_barbara.json,
Compton Community College,34,34,"University of California, Santa Cruz",132,132,2025-2026,76,0,0,empty,200,30,json/compton_community_college__to__university_of_california_santa_cruz.json,
Contra Costa College,28,28,"University of California, Berkeley",79,79,2025-2026,76,95,1,success,200,12126,json/contra_costa_college__to__university_of_california_berkeley.json,
Contra Costa College,28,28,"University of California, Davis",89,89,2025-2026,76,119,1,success,200,15073,json/contra_costa_college__to__university_of_california_davis.json,
Contra Costa College,28,28,"University of California, Irvine",120,120,2025-2026,76,90,1,success,200,11653,json/contra_costa_college__to__university_of_california_irvine.json,
Contra Costa College,28,28,"University of California, Los Angeles",117,117,2025-2026,76,134,1,success,200,17200,json/contra_costa_college__to__university_of_california_los_angeles.json,
Contra Costa College,28,28,"University of California, Merced",144,144,2025-2026,76,123,1,success,200,19652,json/contra_costa_college__to__university_of_california_merced.json,
Contra Costa College,28,28,"University of California, Riverside",46,46,2025-2026,76,85,1,success,200,11090,json/contra_costa_college__to__university_of_california_riverside.json,
Contra Costa College,28,28,"University of California, San Diego",7,7,2025-2026,76,168,1,success,200,23251,json/contra_costa_college__to__university_of_california_san_diego.json,
Contra Costa College,28,28,"University of California, Santa Barbara",128,128,2025-2026,76,102,1,success,200,13703,json/contra_costa_college__to__university_of_california_santa_barbara.json,
Contra Costa College,28,28,"University of California, Santa Cruz",132,132,2025-2026,76,130,1,success,200,17209,json/contra_costa_college__to__university_of_california_santa_cruz.json,
Copper Mountain College,112,112,"University of California, Berkeley",79,79,2025-2026,76,95,1,success,200,12222,json/copper_mountain_college__to__university_of_california_berkeley.json,
Copper Mountain College,112,112,"University of California, Davis",89,89,2025-2026,76,119,1,success,200,15193,json/copper_mountain_college__to__university_of_california_davis.json,
Copper Mountain College,112,112,"University of California, Irvine",120,120,2025-2026,76,90,1,success,200,11744,json/copper_mountain_college__to__university_of_california_irvine.json,
Copper Mountain College,112,112,"University of California, Los Angeles",117,117,2025-2026,76,134,1,success,200,17335,json/copper_mountain_college__to__university_of_california_los_angeles.json,
Copper Mountain College,112,112,"University of California, Merced",144,144,2025-2026,76,123,1,success,200,19776,json/copper_mountain_college__to__university_of_california_merced.json,
Copper Mountain College,112,112,"University of California, Riverside",46,46,2025-2026,76,85,1,success,200,11176,json/copper_mountain_college__to__university_of_california_riverside.json,
Copper Mountain College,112,112,"University of California, San Diego",7,7,2025-2026,76,168,1,success,200,23420,json/copper_mountain_college__to__university_of_california_san_diego.json,
Copper Mountain College,112,112,"University of California, Santa Barbara",128,128,2025-2026,76,102,1,success,200,13806,json/copper_mountain_college__to__university_of_california_santa_barbara.json,
Copper Mountain College,112,112,"University of California, Santa Cruz",132,132,2025-2026,76,130,1,success,200,17340,json/copper_mountain_college__to__university_of_california_santa_cruz.json,
Cosumnes River College,142,142,"University of California, Berkeley",79,79,2025-2026,76,95,1,success,200,12222,json/cosumnes_river_college__to__university_of_california_berkeley.json,
Cosumnes River College,142,142,"University of California, Davis",89,89,2025-2026,76,119,1,success,200,15193,json/cosumnes_river_college__to__university_of_california_davis.json,
Cosumnes River College,142,142,"University of California, Irvine",120,120,2025-2026,76,90,1,success,200,11744,json/cosumnes_river_college__to__university_of_california_irvine.json,
Cosumnes River College,142,142,"University of California, Los Angeles",117,117,2025-2026,76,134,1,success,200,17335,json/cosumnes_river_college__to__university_of_california_los_angeles.json,
Cosumnes River College,142,142,"University of California, Merced",144,144,2025-2026,76,123,1,success,200,19776,json/cosumnes_river_college__to__university_of_california_merced.json,
Cosumnes River College,142,142,"University of California, Riverside",46,46,2025-2026,76,85,1,success,200,11176,json/cosumnes_river_college__to__university_of_california_riverside.json,
Cosumnes River College,142,142,"University of California, San Diego",7,7,2025-2026,76,168,1,success,200,23420,json/cosumnes_river_college__to__university_of_california_san_diego.json,
Cosumnes River College,142,142,"University of California, Santa Barbara",128,128,2025-2026,76,102,1,success,200,13806,json/cosumnes_river_college__to__university_of_california_santa_barbara.json,
Cosumnes River College,142,142,"University of California, Santa Cruz",132,132,2025-2026,76,130,1,success,200,17340,json/cosumnes_river_college__to__university_of_california_santa_cruz.json,
Crafton Hills College,70,70,"University of California, Berkeley",79,79,2025-2026,76,95,1,success,200,12126,json/crafton_hills_college__to__university_of_california_berkeley.json,
Crafton Hills College,70,70,"University of California, Davis",89,89,2025-2026,76,119,1,success,200,15073,json/crafton_hills_college__to__university_of_california_davis.json,
Crafton Hills College,70,70,"University of California, Irvine",120,120,2025-2026,76,90,1,success,200,11653,json/crafton_hills_college__to__university_of_california_irvine.json,
Crafton Hills College,70,70,"University of California, Los Angeles",117,117,2025-2026,76,134,1,success,200,17200,json/crafton_hills_college__to__university_of_california_los_angeles.json,
Crafton Hills College,70,70,"University of California, Merced",144,144,2025-2026,76,123,1,success,200,19652,json/crafton_hills_college__to__university_of_california_merced.json,
Crafton Hills College,70,70,"University of California, Riverside",46,46,2025-2026,76,85,1,success,200,11090,json/crafton_hills_college__to__university_of_california_riverside.json,
Crafton Hills College,70,70,"University of California, San Diego",7,7,2025-2026,76,168,1,success,200,23251,json/crafton_hills_college__to__university_of_california_san_diego.json,
Crafton Hills College,70,70,"University of California, Santa Barbara",128,128,2025-2026,76,102,1,success,200,13703,json/crafton_hills_college__to__university_of_california_santa_barbara.json,
Crafton Hills College,70,70,"University of California, Santa Cruz",132,132,2025-2026,76,130,1,success,200,17209,json/crafton_hills_college__to__university_of_california_santa_cruz.json,
Cuesta College,16,16,"University of California, Berkeley",79,79,2025-2026,76,95,1,success,200,12126,json/cuesta_college__to__university_of_california_berkeley.json,
Cuesta College,16,16,"University of California, Davis",89,89,2025-2026,76,119,1,success,200,15073,json/cuesta_college__to__university_of_california_davis.json,
Cuesta College,16,16,"University of California, Irvine",120,120,2025-2026,76,90,1,success,200,11653,json/cuesta_college__to__university_of_california_irvine.json,
Cuesta College,16,16,"University of California, Los Angeles",117,117,2025-2026,76,134,1,success,200,17200,json/cuesta_college__to__university_of_california_los_angeles.json,
Cuesta College,16,16,"University of California, Merced",144,144,2025-2026,76,123,1,success,200,19652,json/cuesta_college__to__university_of_california_merced.json,
Cuesta College,16,16,"University of California, Riverside",46,46,2025-2026,76,85,1,success,200,11090,json/cuesta_college__to__university_of_california_riverside.json,
Cuesta College,16,16,"University of California, San Diego",7,7,2025-2026,76,168,1,success,200,23251,json/cuesta_college__to__university_of_california_san_diego.json,
Cuesta College,16,16,"University of California, Santa Barbara",128,128,2025-2026,76,102,1,success,200,13703,json/cuesta_college__to__university_of_california_santa_barbara.json,
Cuesta College,16,16,"University of California, Santa Cruz",132,132,2025-2026,76,130,1,success,200,17209,json/cuesta_college__to__university_of_california_santa_cruz.json,
Cuyamaca College,99,99,"University of California, Berkeley",79,79,2025-2026,76,95,1,success,200,12126,json/cuyamaca_college__to__university_of_california_berkeley.json,
Cuyamaca College,99,99,"University of California, Davis",89,89,2025-2026,76,119,1,success,200,15073,json/cuyamaca_college__to__university_of_california_davis.json,
Cuyamaca College,99,99,"University of California, Irvine",120,120,2025-2026,76,90,1,success,200,11653,json/cuyamaca_college__to__university_of_california_irvine.json,
Cuyamaca College,99,99,"University of California, Los Angeles",117,117,2025-2026,76,134,1,success,200,17200,json/cuyamaca_college__to__university_of_california_los_angeles.json,
Cuyamaca College,99,99,"University of California, Merced",144,144,2025-2026,76,123,1,success,200,19652,json/cuyamaca_college__to__university_of_california_merced.json,
Cuyamaca College,99,99,"University of California, Riverside",46,46,2025-2026,76,85,1,success,200,11090,json/cuyamaca_college__to__university_of_california_riverside.json,
Cuyamaca College,99,99,"University of California, San Diego",7,7,2025-2026,76,168,1,success,200,23251,json/cuyamaca_college__to__university_of_california_san_diego.json,
Cuyamaca College,99,99,"University of California, Santa Barbara",128,128,2025-2026,76,102,1,success,200,13703,json/cuyamaca_college__to__university_of_california_santa_barbara.json,
Cuyamaca College,99,99,"University of California, Santa Cruz",132,132,2025-2026,76,130,1,success,200,17209,json/cuyamaca_college__to__university_of_california_santa_cruz.json,
Cypress College,71,71,"University of California, Berkeley",79,79,2025-2026,76,95,1,success,200,12126,json/cypress_college__to__university_of_california_berkeley.json,
Cypress College,71,71,"University of California, Davis",89,89,2025-2026,76,119,1,success,200,15073,json/cypress_college__to__university_of_california_davis.json,
Cypress College,71,71,"University of California, Irvine",120,120,2025-2026,76,90,1,success,200,11653,json/cypress_college__to__university_of_california_irvine.json,
Cypress College,71,71,"University of California, Los Angeles",117,117,2025-2026,76,134,1,success,200,17200,json/cypress_college__to__university_of_california_los_angeles.json,
Cypress College,71,71,"University of California, Merced",144,144,2025-2026,76,123,1,success,200,19652,json/cypress_college__to__university_of_california_merced.json,
Cypress College,71,71,"University of California, Riverside",46,46,2025-2026,76,85,1,success,200,11090,json/cypress_college__to__university_of_california_riverside.json,
Cypress College,71,71,"University of California, San Diego",7,7,2025-2026,76,168,1,success,200,23251,json/cypress_college__to__university_of_california_san_diego.json,
Cypress College,71,71,"University of California, Santa Barbara",128,128,2025-2026,76,102,1,success,200,13703,json/cypress_college__to__university_of_california_santa_barbara.json,
Cypress College,71,71,"University of California, Santa Cruz",132,132,2025-2026,76,130,1,success,200,17209,json/cypress_college__to__university_of_california_santa_cruz.json,
De Anza College,113,113,"University of California, Berkeley",79,79,2025-2026,76,95,1,success,200,12222,json/de_anza_college__to__university_of_california_berkeley.json,
De Anza College,113,113,"University of California, Davis",89,89,2025-2026,76,119,1,success,200,15193,json/de_anza_college__to__university_of_california_davis.json,
De Anza College,113,113,"University of California, Irvine",120,120,2025-2026,76,90,1,success,200,11744,json/de_anza_college__to__university_of_california_irvine.json,
De Anza College,113,113,"University of California, Los Angeles",117,117,2025-2026,76,134,1,success,200,17335,json/de_anza_college__to__university_of_california_los_angeles.json,
De Anza College,113,113,"University of California, Merced",144,144,2025-2026,76,123,1,success,200,19776,json/de_anza_college__to__university_of_california_merced.json,
De Anza College,113,113,"University of California, Riverside",46,46,2025-2026,76,85,1,success,200,11176,json/de_anza_college__to__university_of_california_riverside.json,
De Anza College,113,113,"University of California, San Diego",7,7,2025-2026,76,168,1,success,200,23420,json/de_anza_college__to__university_of_california_san_diego.json,
De Anza College,113,113,"University of California, Santa Barbara",128,128,2025-2026,76,102,1,success,200,13806,json/de_anza_college__to__university_of_california_santa_barbara.json,
De Anza College,113,113,"University of California, Santa Cruz",132,132,2025-2026,76,130,1,success,200,17340,json/de_anza_college__to__university_of_california_santa_cruz.json,
Diablo Valley College,114,114,"University of California, Berkeley",79,79,2025-2026,76,95,1,success,200,12222,json/diablo_valley_college__to__university_of_california_berkeley.json,
Diablo Valley College,114,114,"University of California, Davis",89,89,2025-2026,76,119,1,success,200,15193,json/diablo_valley_college__to__university_of_california_davis.json,
Diablo Valley College,114,114,"University of California, Irvine",120,120,2025-2026,76,90,1,success,200,11744,json/diablo_valley_college__to__university_of_california_irvine.json,
Diablo Valley College,114,114,"University of California, Los Angeles",117,117,2025-2026,76,134,1,success,200,17335,json/diablo_valley_college__to__university_of_california_los_angeles.json,
Diablo Valley College,114,114,"University of California, Merced",144,144,2025-2026,76,123,1,success,200,19776,json/diablo_valley_college__to__university_of_california_merced.json,
Diablo Valley College,114,114,"University of California, Riverside",46,46,2025-2026,76,85,1,success,200,11176,json/diablo_valley_college__to__university_of_california_riverside.json,
Diablo Valley College,114,114,"University of California, San Diego",7,7,2025-2026,76,168,1,success,200,23420,json/diablo_valley_college__to__university_of_california_san_diego.json,
Diablo Valley College,114,114,"University of California, Santa Barbara",128,128,2025-2026,76,102,1,success,200,13806,json/diablo_valley_college__to__university_of_california_santa_barbara.json,
Diablo Valley College,114,114,"University of California, Santa Cruz",132,132,2025-2026,76,130,1,success,200,17340,json/diablo_valley_college__to__university_of_california_santa_cruz.json,
East Los Angeles College,118,118,"University of California, Berkeley",79,79,2025-2026,76,95,1,success,200,12222,json/east_los_angeles_college__to__university_of_california_berkeley.json,
East Los Angeles College,118,118,"University of California, Davis",89,89,2025-2026,76,119,1,success,200,15193,json/east_los_angeles_college__to__university_of_california_davis.json,
East Los Angeles College,118,118,"University of California, Irvine",120,120,2025-2026,76,90,1,success,200,11744,json/east_los_angeles_college__to__university_of_california_irvine.json,
East Los Angeles College,118,118,"University of California, Los Angeles",117,117,2025-2026,76,134,1,success,200,17335,json/east_los_angeles_college__to__university_of_california_los_angeles.json,
East Los Angeles College,118,118,"University of California, Merced",144,144,2025-2026,76,123,1,success,200,19776,json/east_los_angeles_college__to__university_of_california_merced.json,
East Los Angeles College,118,118,"University of California, Riverside",46,46,2025-2026,76,85,1,success,200,11176,json/east_los_angeles_college__to__university_of_california_riverside.json,
East Los Angeles College,118,118,"University of California, San Diego",7,7,2025-2026,76,168,1,success,200,23420,json/east_los_angeles_college__to__university_of_california_san_diego.json,
East Los Angeles College,118,118,"University of California, Santa Barbara",128,128,2025-2026,76,102,1,success,200,13806,json/east_los_angeles_college__to__university_of_california_santa_barbara.json,
East Los Angeles College,118,118,"University of California, Santa Cruz",132,132,2025-2026,76,130,1,success,200,17340,json/east_los_angeles_college__to__university_of_california_santa_cruz.json,
El Camino College,103,103,"University of California, Berkeley",79,79,2025-2026,76,95,1,success,200,12222,json/el_camino_college__to__university_of_california_berkeley.json,
El Camino College,103,103,"University of California, Davis",89,89,2025-2026,76,119,1,success,200,15193,json/el_camino_college__to__university_of_california_davis.json,
El Camino College,103,103,"University of California, Irvine",120,120,2025-2026,76,90,1,success,200,11744,json/el_camino_college__to__university_of_california_irvine.json,
El Camino College,103,103,"University of California, Los Angeles",117,117,2025-2026,76,134,1,success,200,17335,json/el_camino_college__to__university_of_california_los_angeles.json,
El Camino College,103,103,"University of California, Merced",144,144,2025-2026,76,123,1,success,200,19776,json/el_camino_college__to__university_of_california_merced.json,
El Camino College,103,103,"University of California, Riverside",46,46,2025-2026,76,85,1,success,200,11176,json/el_camino_college__to__university_of_california_riverside.json,
El Camino College,103,103,"University of California, San Diego",7,7,2025-2026,76,168,1,success,200,23420,json/el_camino_college__to__university_of_california_san_diego.json,
El Camino College,103,103,"University of California, Santa Barbara",128,128,2025-2026,76,102,1,success,200,13806,json/el_camino_college__to__university_of_california_santa_barbara.json,
El Camino College,103,103,"University of California, Santa Cruz",132,132,2025-2026,76,130,1,success,200,17340,json/el_camino_college__to__university_of_california_santa_cruz.json,
Evergreen Valley College,2,2,"University of California, Berkeley",79,79,2025-2026,76,95,1,success,200,12030,json/evergreen_valley_college__to__university_of_california_berkeley.json,
Evergreen Valley College,2,2,"University of California, Davis",89,89,2025-2026,76,119,1,success,200,14953,json/evergreen_valley_college__to__university_of_california_davis.json,
Evergreen Valley College,2,2,"University of California, Irvine",120,120,2025-2026,76,90,1,success,200,11562,json/evergreen_valley_college__to__university_of_california_irvine.json,
Evergreen Valley College,2,2,"University of California, Los Angeles",117,117,2025-2026,76,134,1,success,200,17065,json/evergreen_valley_college__to__university_of_california_los_angeles.json,
Evergreen Valley College,2,2,"University of California, Merced",144,144,2025-2026,76,123,1,success,200,19528,json/evergreen_valley_college__to__university_of_california_merced.json,
Evergreen Valley College,2,2,"University of California, Riverside",46,46,2025-2026,76,85,1,success,200,11004,json/evergreen_valley_college__to__university_of_california_riverside.json,
Evergreen Valley College,2,2,"University of California, San Diego",7,7,2025-2026,76,168,1,success,200,23082,json/evergreen_valley_college__to__university_of_california_san_diego.json,
Evergreen Valley College,2,2,"University of California, Santa Barbara",128,128,2025-2026,76,102,1,success,200,13600,json/evergreen_valley_college__to__university_of_california_santa_barbara.json,
Evergreen Valley College,2,2,"University of California, Santa Cruz",132,132,2025-2026,76,130,1,success,200,17078,json/evergreen_valley_college__to__university_of_california_santa_cruz.json,
Feather River College,122,122,"University of California, Berkeley",79,79,2025-2026,76,95,1,success,200,12222,json/feather_river_college__to__university_of_california_berkeley.json,
Feather River College,122,122,"University of California, Davis",89,89,2025-2026,76,119,1,success,200,15193,json/feather_river_college__to__university_of_california_davis.json,
Feather River College,122,122,"University of California, Irvine",120,120,2025-2026,76,90,1,success,200,11744,json/feather_river_college__to__university_of_california_irvine.json,
Feather River College,122,122,"University of California, Los Angeles",117,117,2025-2026,76,134,1,success,200,17335,json/feather_river_college__to__university_of_california_los_angeles.json,
Feather River College,122,122,"University of California, Merced",144,144,2025-2026,76,123,1,success,200,19776,json/feather_river_college__to__university_of_california_merced.json,
Feather River College,122,122,"University of California, Riverside",46,46,2025-2026,76,85,1,success,200,11176,json/feather_river_college__to__university_of_california_riverside.json,
Feather River College,122,122,"University of California, San Diego",7,7,2025-2026,76,168,1,success,200,23420,json/feather_river_college__to__university_of_california_san_diego.json,
Feather River College,122,122,"University of California, Santa Barbara",128,128,2025-2026,76,102,1,success,200,13806,json/feather_river_college__to__university_of_california_santa_barbara.json,
Feather River College,122,122,"University of California, Santa Cruz",132,132,2025-2026,76,130,1,success,200,17340,json/feather_river_college__to__university_of_california_santa_cruz.json,
Folsom Lake College,145,145,"University of California, Berkeley",79,79,2025-2026,76,95,1,success,200,12222,json/folsom_lake_college__to__university_of_california_berkeley.json,
Folsom Lake College,145,145,"University of California, Davis",89,89,2025-2026,76,119,1,success,200,15193,json/folsom_lake_college__to__university_of_california_davis.json,
Folsom Lake College,145,145,"University of California, Irvine",120,120,2025-2026,76,90,1,success,200,11744,json/folsom_lake_college__to__university_of_california_irvine.json,
Folsom Lake College,145,145,"University of California, Los Angeles",117,117,2025-2026,76,134,1,success,200,17335,json/folsom_lake_college__to__university_of_california_los_angeles.json,
Folsom Lake College,145,145,"University of California, Merced",144,144,2025-2026,76,123,1,success,200,19776,json/folsom_lake_college__to__university_of_california_merced.json,
Folsom Lake College,145,145,"University of California, Riverside",46,46,2025-2026,76,85,1,success,200,11176,json/folsom_lake_college__to__university_of_california_riverside.json,
Folsom Lake College,145,145,"University of California, San Diego",7,7,2025-2026,76,168,1,success,200,23420,json/folsom_lake_college__to__university_of_california_san_diego.json,
Folsom Lake College,145,145,"University of California, Santa Barbara",128,128,2025-2026,76,102,1,success,200,13806,json/folsom_lake_college__to__university_of_california_santa_barbara.json,
Folsom Lake College,145,145,"University of California, Santa Cruz",132,132,2025-2026,76,130,1,success,200,17340,json/folsom_lake_college__to__university_of_california_santa_cruz.json,
Foothill College,51,51,"University of California, Berkeley",79,79,2025-2026,76,95,1,success,200,12126,json/foothill_college__to__university_of_california_berkeley.json,
Foothill College,51,51,"University of California, Davis",89,89,2025-2026,76,119,1,success,200,15073,json/foothill_college__to__university_of_california_davis.json,
Foothill College,51,51,"University of California, Irvine",120,120,2025-2026,76,90,1,success,200,11653,json/foothill_college__to__university_of_california_irvine.json,
Foothill College,51,51,"University of California, Los Angeles",117,117,2025-2026,76,134,1,success,200,17200,json/foothill_college__to__university_of_california_los_angeles.json,
Foothill College,51,51,"University of California, Merced",144,144,2025-2026,76,123,1,success,200,19652,json/foothill_college__to__university_of_california_merced.json,
Foothill College,51,51,"University of California, Riverside",46,46,2025-2026,76,85,1,success,200,11090,json/foothill_college__to__university_of_california_riverside.json,
Foothill College,51,51,"University of California, San Diego",7,7,2025-2026,76,168,1,success,200,23251,json/foothill_college__to__university_of_california_san_diego.json,
Foothill College,51,51,"University of California, Santa Barbara",128,128,2025-2026,76,102,1,success,200,13703,json/foothill_college__to__university_of_california_santa_barbara.json,
Foothill College,51,51,"University of California, Santa Cruz",132,132,2025-2026,76,130,1,success,200,17209,json/foothill_college__to__university_of_california_santa_cruz.json,
Fresno City College,35,35,"University of California, Berkeley",79,79,2025-2026,76,95,1,success,200,12126,json/fresno_city_college__to__university_of_california_berkeley.json,
Fresno City College,35,35,"University of California, Davis",89,89,2025-2026,76,119,1,success,200,15073,json/fresno_city_college__to__university_of_california_davis.json,
Fresno City College,35,35,"University of California, Irvine",120,120,2025-2026,76,90,1,success,200,11653,json/fresno_city_college__to__university_of_california_irvine.json,
Fresno City College,35,35,"University of California, Los Angeles",117,117,2025-2026,76,134,1,success,200,17200,json/fresno_city_college__to__university_of_california_los_angeles.json,
Fresno City College,35,35,"University of California, Merced",144,144,2025-2026,76,123,1,success,200,19652,json/fresno_city_college__to__university_of_california_merced.json,
Fresno City College,35,35,"University of California, Riverside",46,46,2025-2026,76,85,1,success,200,11090,json/fresno_city_college__to__university_of_california_riverside.json,
Fresno City College,35,35,"University of California, San Diego",7,7,2025-2026,76,168,1,success,200,23251,json/fresno_city_college__to__university_of_california_san_diego.json,
Fresno City College,35,35,"University of California, Santa Barbara",128,128,2025-2026,76,102,1,success,200,13703,json/fresno_city_college__to__university_of_california_santa_barbara.json,
Fresno City College,35,35,"University of California, Santa Cruz",132,132,2025-2026,76,130,1,success,200,17209,json/fresno_city_college__to__university_of_california_santa_cruz.json,
Fullerton College,134,134,"University of California, Berkeley",79,79,2025-2026,76,95,1,success,200,12222,json/fullerton_college__to__university_of_california_berkeley.json,
Fullerton College,134,134,"University of California, Davis",89,89,2025-2026,76,119,1,success,200,15193,json/fullerton_college__to__university_of_california_davis.json,
Fullerton College,134,134,"University of California, Irvine",120,120,2025-2026,76,90,1,success,200,11744,json/fullerton_college__to__university_of_california_irvine.json,
Fullerton College,134,134,"University of California, Los Angeles",117,117,2025-2026,76,134,1,success,200,17335,json/fullerton_college__to__university_of_california_los_angeles.json,
Fullerton College,134,134,"University of California, Merced",144,144,2025-2026,76,123,1,success,200,19776,json/fullerton_college__to__university_of_california_merced.json,
Fullerton College,134,134,"University of California, Riverside",46,46,2025-2026,76,85,1,success,200,11176,json/fullerton_college__to__university_of_california_riverside.json,
Fullerton College,134,134,"University of California, San Diego",7,7,2025-2026,76,168,1,success,200,23420,json/fullerton_college__to__university_of_california_san_diego.json,
Fullerton College,134,134,"University of California, Santa Barbara",128,128,2025-2026,76,102,1,success,200,13806,json/fullerton_college__to__university_of_california_santa_barbara.json,
Fullerton College,134,134,"University of California, Santa Cruz",132,132,2025-2026,76,130,1,success,200,17340,json/fullerton_college__to__university_of_california_santa_cruz.json,
Gavilan College,72,72,"University of California, Berkeley",79,79,2025-2026,76,95,1,success,200,12126,json/gavilan_college__to__university_of_california_berkeley.json,
Gavilan College,72,72,"University of California, Davis",89,89,2025-2026,76,119,1,success,200,15073,json/gavilan_college__to__university_of_california_davis.json,
Gavilan College,72,72,"University of California, Irvine",120,120,2025-2026,76,90,1,success,200,11653,json/gavilan_college__to__university_of_california_irvine.json,
Gavilan College,72,72,"University of California, Los Angeles",117,117,2025-2026,76,134,1,success,200,17200,json/gavilan_college__to__university_of_california_los_angeles.json,
Gavilan College,72,72,"University of California, Merced",144,144,2025-2026,76,123,1,success,200,19652,json/gavilan_college__to__university_of_california_merced.json,
Gavilan College,72,72,"University of California, Riverside",46,46,2025-2026,76,85,1,success,200,11090,json/gavilan_college__to__university_of_california_riverside.json,
Gavilan College,72,72,"University of California, San Diego",7,7,2025-2026,76,168,1,success,200,23251,json/gavilan_college__to__university_of_california_san_diego.json,
Gavilan College,72,72,"University of California, Santa Barbara",128,128,2025-2026,76,102,1,success,200,13703,json/gavilan_college__to__university_of_california_santa_barbara.json,
Gavilan College,72,72,"University of California, Santa Cruz",132,132,2025-2026,76,130,1,success,200,17209,json/gavilan_college__to__university_of_california_santa_cruz.json,
Glendale Community College,43,43,"University of California, Berkeley",79,79,2025-2026,76,95,1,success,200,12126,json/glendale_community_college__to__university_of_california_berkeley.json,
Glendale Community College,43,43,"University of California, Davis",89,89,2025-2026,76,119,1,success,200,15073,json/glendale_community_college__to__university_of_california_davis.json,
Glendale Community College,43,43,"University of California, Irvine",120,120,2025-2026,76,90,1,success,200,11653,json/glendale_community_college__to__university_of_california_irvine.json,
Glendale Community College,43,43,"University of California, Los Angeles",117,117,2025-2026,76,134,1,success,200,17200,json/glendale_community_college__to__university_of_california_los_angeles.json,
Glendale Community College,43,43,"University of California, Merced",144,144,2025-2026,76,123,1,success,200,19652,json/glendale_community_college__to__university_of_california_merced.json,
Glendale Community College,43,43,"University of California, Riverside",46,46,2025-2026,76,85,1,success,200,11090,json/glendale_community_college__to__university_of_california_riverside.json,
Glendale Community College,43,43,"University of California, San Diego",7,7,2025-2026,76,168,1,success,200,23251,json/glendale_community_college__to__university_of_california_san_diego.json,
Glendale Community College,43,43,"University of California, Santa Barbara",128,128,2025-2026,76,102,1,success,200,13703,json/glendale_community_college__to__university_of_california_santa_barbara.json,
Glendale Community College,43,43,"University of California, Santa Cruz",132,132,2025-2026,76,130,1,success,200,17209,json/glendale_community_college__to__university_of_california_santa_cruz.json,
Golden West College,55,55,"University of California, Berkeley",79,79,2025-2026,76,95,1,success,200,12126,json/golden_west_college__to__university_of_california_berkeley.json,
Golden West College,55,55,"University of California, Davis",89,89,2025-2026,76,119,1,success,200,15073,json/golden_west_college__to__university_of_california_davis.json,
Golden West College,55,55,"University of California, Irvine",120,120,2025-2026,76,90,1,success,200,11653,json/golden_west_college__to__university_of_california_irvine.json,
Golden West College,55,55,"University of California, Los Angeles",117,117,2025-2026,76,134,1,success,200,17200,json/golden_west_college__to__university_of_california_los_angeles.json,
Golden West College,55,55,"University of California, Merced",144,144,2025-2026,76,123,1,success,200,19652,json/golden_west_college__to__university_of_california_merced.json,
Golden West College,55,55,"University of California, Riverside",46,46,2025-2026,76,85,1,success,200,11090,json/golden_west_college__to__university_of_california_riverside.json,
Golden West College,55,55,"University of California, San Diego",7,7,2025-2026,76,168,1,success,200,23251,json/golden_west_college__to__university_of_california_san_diego.json,
Golden West College,55,55,"University of California, Santa Barbara",128,128,2025-2026,76,102,1,success,200,13703,json/golden_west_college__to__university_of_california_santa_barbara.json,
Golden West College,55,55,"University of California, Santa Cruz",132,132,2025-2026,76,130,1,success,200,17209,json/golden_west_college__to__university_of_california_santa_cruz.json,
Grossmont College,106,106,"University of California, Berkeley",79,79,2025-2026,76,95,1,success,200,12222,json/grossmont_college__to__university_of_california_berkeley.json,
Grossmont College,106,106,"University of California, Davis",89,89,2025-2026,76,119,1,success,200,15193,json/grossmont_college__to__university_of_california_davis.json,
Grossmont College,106,106,"University of California, Irvine",120,120,2025-2026,76,90,1,success,200,11744,json/grossmont_college__to__university_of_california_irvine.json,
Grossmont College,106,106,"University of California, Los Angeles",117,117,2025-2026,76,134,1,success,200,17335,json/grossmont_college__to__university_of_california_los_angeles.json,
Grossmont College,106,106,"University of California, Merced",144,144,2025-2026,76,123,1,success,200,19776,json/grossmont_college__to__university_of_california_merced.json,
Grossmont College,106,106,"University of California, Riverside",46,46,2025-2026,76,85,1,success,200,11176,json/grossmont_college__to__university_of_california_riverside.json,
Grossmont College,106,106,"University of California, San Diego",7,7,2025-2026,76,168,1,success,200,23420,json/grossmont_college__to__university_of_california_san_diego.json,
Grossmont College,106,106,"University of California, Santa Barbara",128,128,2025-2026,76,102,1,success,200,13806,json/grossmont_college__to__university_of_california_santa_barbara.json,
Grossmont College,106,106,"University of California, Santa Cruz",132,132,2025-2026,76,130,1,success,200,17340,json/grossmont_college__to__university_of_california_santa_cruz.json,
Hartnell College,123,123,"University of California, Berkeley",79,79,2025-2026,76,95,1,success,200,12222,json/hartnell_college__to__university_of_california_berkeley.json,
Hartnell College,123,123,"University of California, Davis",89,89,2025-2026,76,119,1,success,200,15193,json/hartnell_college__to__university_of_california_davis.json,
Hartnell College,123,123,"University of California, Irvine",120,120,2025-2026,76,90,1,success,200,11744,json/hartnell_college__to__university_of_california_irvine.json,
Hartnell College,123,123,"University of California, Los Angeles",117,117,2025-2026,76,134,1,success,200,17335,json/hartnell_college__to__university_of_california_los_angeles.json,
Hartnell College,123,123,"University of California, Merced",144,144,2025-2026,76,123,1,success,200,19776,json/hartnell_college__to__university_of_california_merced.json,
Hartnell College,123,123,"University of California, Riverside",46,46,2025-2026,76,85,1,success,200,11176,json/hartnell_college__to__university_of_california_riverside.json,
Hartnell College,123,123,"University of California, San Diego",7,7,2025-2026,76,168,1,success,200,23420,json/hartnell_college__to__university_of_california_san_diego.json,
Hartnell College,123,123,"University of California, Santa Barbara",128,128,2025-2026,76,102,1,success,200,13806,json/hartnell_college__to__university_of_california_santa_barbara.json,
Hartnell College,123,123,"University of California, Santa Cruz",132,132,2025-2026,76,130,1,success,200,17340,json/hartnell_college__to__university_of_california_santa_cruz.json,
Imperial Valley College,107,107,"University of California, Berkeley",79,79,2025-2026,76,95,1,success,200,12222,json/imperial_valley_college__to__university_of_california_berkeley.json,
Imperial Valley College,107,107,"University of California, Davis",89,89,2025-2026,76,119,1,success,200,15193,json/imperial_valley_college__to__university_of_california_davis.json,
Imperial Valley College,107,107,"University of California, Irvine",120,120,2025-2026,76,90,1,success,200,11744,json/imperial_valley_college__to__university_of_california_irvine.json,
Imperial Valley College,107,107,"University of California, Los Angeles",117,117,2025-2026,76,134,1,success,200,17335,json/imperial_valley_college__to__university_of_california_los_angeles.json,
Imperial Valley College,107,107,"University of California, Merced",144,144,2025-2026,76,123,1,success,200,19776,json/imperial_valley_college__to__university_of_california_merced.json,
Imperial Valley College,107,107,"University of California, Riverside",46,46,2025-2026,76,85,1,success,200,11176,json/imperial_valley_college__to__university_of_california_riverside.json,
Imperial Valley College,107,107,"University of California, San Diego",7,7,2025-2026,76,168,1,success,200,23420,json/imperial_valley_college__to__university_of_california_san_diego.json,
Imperial Valley College,107,107,"University of California, Santa Barbara",128,128,2025-2026,76,102,1,success,200,13806,json/imperial_valley_college__to__university_of_california_santa_barbara.json,
Imperial Valley College,107,107,"University of California, Santa Cruz",132,132,2025-2026,76,130,1,success,200,17340,json/imperial_valley_college__to__university_of_california_santa_cruz.json,
Irvine Valley College,124,124,"University of California, Berkeley",79,79,2025-2026,76,95,1,success,200,12222,json/irvine_valley_college__to__university_of_california_berkeley.json,
Irvine Valley College,124,124,"University of California, Davis",89,89,2025-2026,76,119,1,success,200,15193,json/irvine_valley_college__to__university_of_california_davis.json,
Irvine Valley College,124,124,"University of California, Irvine",120,120,2025-2026,76,90,1,success,200,11744,json/irvine_valley_college__to__university_of_california_irvine.json,
Irvine Valley College,124,124,"University of California, Los Angeles",117,117,2025-2026,76,134,1,success,200,17335,json/irvine_valley_college__to__university_of_california_los_angeles.json,
Irvine Valley College,124,124,"University of California, Merced",144,144,2025-2026,76,123,1,success,200,19776,json/irvine_valley_college__to__university_of_california_merced.json,
Irvine Valley College,124,124,"University of California, Riverside",46,46,2025-2026,76,85,1,success,200,11176,json/irvine_valley_college__to__university_of_california_riverside.json,
Irvine Valley College,124,124,"University of California, San Diego",7,7,2025-2026,76,168,1,success,200,23420,json/irvine_valley_college__to__university_of_california_san_diego.json,
Irvine Valley College,124,124,"University of California, Santa Barbara",128,128,2025-2026,76,102,1,success,200,13806,json/irvine_valley_college__to__university_of_california_santa_barbara.json,
Irvine Valley College,124,124,"University of California, Santa Cruz",132,132,2025-2026,76,130,1,success,200,17340,json/irvine_valley_college__to__university_of_california_santa_cruz.json,
Kings River College,36,36,"University of California, Berkeley",79,79,2025-2026,76,95,1,success,200,12126,json/kings_river_college__to__university_of_california_berkeley.json,
Kings River College,36,36,"University of California, Davis",89,89,2025-2026,76,119,1,success,200,15073,json/kings_river_college__to__university_of_california_davis.json,
Kings River College,36,36,"University of California, Irvine",120,120,2025-2026,76,90,1,success,200,11653,json/kings_river_college__to__university_of_california_irvine.json,
Kings River College,36,36,"University of California, Los Angeles",117,117,2025-2026,76,134,1,success,200,17200,json/kings_river_college__to__university_of_california_los_angeles.json,
Kings River College,36,36,"University of California, Merced",144,144,2025-2026,76,123,1,success,200,19652,json/kings_river_college__to__university_of_california_merced.json,
Kings River College,36,36,"University of California, Riverside",46,46,2025-2026,76,85,1,success,200,11090,json/kings_river_college__to__university_of_california_riverside.json,
Kings River College,36,36,"University of California, San Diego",7,7,2025-2026,76,168,1,success,200,23251,json/kings_river_college__to__university_of_california_san_diego.json,
Kings River College,36,36,"University of California, Santa Barbara",128,128,2025-2026,76,102,1,success,200,13703,json/kings_river_college__to__university_of_california_santa_barbara.json,
Kings River College,36,36,"University of California, Santa Cruz",132,132,2025-2026,76,130,1,success,200,17209,json/kings_river_college__to__university_of_california_santa_cruz.json,
Lake Tahoe Community College,40,40,"University of California, Berkeley",79,79,2025-2026,76,95,1,success,200,12126,json/lake_tahoe_community_college__to__university_of_california_berkeley.json,
Lake Tahoe Community College,40,40,"University of California, Davis",89,89,2025-2026,76,119,1,success,200,15073,json/lake_tahoe_community_college__to__university_of_california_davis.json,
Lake Tahoe Community College,40,40,"University of California, Irvine",120,120,2025-2026,76,90,1,success,200,11653,json/lake_tahoe_community_college__to__university_of_california_irvine.json,
Lake Tahoe Community College,40,40,"University of California, Los Angeles",117,117,2025-2026,76,134,1,success,200,17200,json/lake_tahoe_community_college__to__university_of_california_los_angeles.json,
Lake Tahoe Community College,40,40,"University of California, Merced",144,144,2025-2026,76,123,1,success,200,19652,json/lake_tahoe_community_college__to__university_of_california_merced.json,
Lake Tahoe Community College,40,40,"University of California, Riverside",46,46,2025-2026,76,85,1,success,200,11090,json/lake_tahoe_community_college__to__university_of_california_riverside.json,
Lake Tahoe Community College,40,40,"University of California, San Diego",7,7,2025-2026,76,168,1,success,200,23251,json/lake_tahoe_community_college__to__university_of_california_san_diego.json,
Lake Tahoe Community College,40,40,"University of California, Santa Barbara",128,128,2025-2026,76,102,1,success,200,13703,json/lake_tahoe_community_college__to__university_of_california_santa_barbara.json,
Lake Tahoe Community College,40,40,"University of California, Santa Cruz",132,132,2025-2026,76,130,1,success,200,17209,json/lake_tahoe_community_college__to__university_of_california_santa_cruz.json,
Laney College,77,77,"University of California, Berkeley",79,79,2025-2026,76,95,1,success,200,12126,json/laney_college__to__university_of_california_berkeley.json,
Laney College,77,77,"University of California, Davis",89,89,2025-2026,76,119,1,success,200,15073,json/laney_college__to__university_of_california_davis.json,
Laney College,77,77,"University of California, Irvine",120,120,2025-2026,76,90,1,success,200,11653,json/laney_college__to__university_of_california_irvine.json,
Laney College,77,77,"University of California, Los Angeles",117,117,2025-2026,76,134,1,success,200,17200,json/laney_college__to__university_of_california_los_angeles.json,
Laney College,77,77,"University of California, Merced",144,144,2025-2026,76,123,1,success,200,19652,json/laney_college__to__university_of_california_merced.json,
Laney College,77,77,"University of California, Riverside",46,46,2025-2026,76,85,1,success,200,11090,json/laney_college__to__university_of_california_riverside.json,
Laney College,77,77,"University of California, San Diego",7,7,2025-2026,76,168,1,success,200,23251,json/laney_college__to__university_of_california_san_diego.json,
Laney College,77,77,"University of California, Santa Barbara",128,128,2025-2026,76,102,1,success,200,13703,json/laney_college__to__university_of_california_santa_barbara.json,
Laney College,77,77,"University of California, Santa Cruz",132,132,2025-2026,76,130,1,success,200,17209,json/laney_college__to__university_of_california_santa_cruz.json,
Las Positas College,18,18,"University of California, Berkeley",79,79,2025-2026,76,95,1,success,200,12126,json/las_positas_college__to__university_of_california_berkeley.json,
Las Positas College,18,18,"University of California, Davis",89,89,2025-2026,76,119,1,success,200,15073,json/las_positas_college__to__university_of_california_davis.json,
Las Positas College,18,18,"University of California, Irvine",120,120,2025-2026,76,90,1,success,200,11653,json/las_positas_college__to__university_of_california_irvine.json,
Las Positas College,18,18,"University of California, Los Angeles",117,117,2025-2026,76,134,1,success,200,17200,json/las_positas_college__to__university_of_california_los_angeles.json,
Las Positas College,18,18,"University of California, Merced",144,144,2025-2026,76,123,1,success,200,19652,json/las_positas_college__to__university_of_california_merced.json,
Las Positas College,18,18,"University of California, Riverside",46,46,2025-2026,76,85,1,success,200,11090,json/las_positas_college__to__university_of_california_riverside.json,
Las Positas College,18,18,"University of California, San Diego",7,7,2025-2026,76,168,1,success,200,23251,json/las_positas_college__to__university_of_california_san_diego.json,
Las Positas College,18,18,"University of California, Santa Barbara",128,128,2025-2026,76,102,1,success,200,13703,json/las_positas_college__to__university_of_california_santa_barbara.json,
Las Positas College,18,18,"University of California, Santa Cruz",132,132,2025-2026,76,130,1,success,200,17209,json/las_positas_college__to__university_of_california_santa_cruz.json,
Lassen Community College,82,82,"University of California, Berkeley",79,79,2025-2026,76,95,1,success,200,12126,json/lassen_community_college__to__university_of_california_berkeley.json,
Lassen Community College,82,82,"University of California, Davis",89,89,2025-2026,76,119,1,success,200,15073,json/lassen_community_college__to__university_of_california_davis.json,
Lassen Community College,82,82,"University of California, Irvine",120,120,2025-2026,76,90,1,success,200,11653,json/lassen_community_college__to__university_of_california_irvine.json,
Lassen Community College,82,82,"University of California, Los Angeles",117,117,2025-2026,76,134,1,success,200,17200,json/lassen_community_college__to__university_of_california_los_angeles.json,
Lassen Community College,82,82,"University of California, Merced",144,144,2025-2026,76,123,1,success,200,19652,json/lassen_community_college__to__university_of_california_merced.json,
Lassen Community College,82,82,"University of California, Riverside",46,46,2025-2026,76,85,1,success,200,11090,json/lassen_community_college__to__university_of_california_riverside.json,
Lassen Community College,82,82,"University of California, San Diego",7,7,2025-2026,76,168,1,success,200,23251,json/lassen_community_college__to__university_of_california_san_diego.json,
Lassen Community College,82,82,"University of California, Santa Barbara",128,128,2025-2026,76,102,1,success,200,13703,json/lassen_community_college__to__university_of_california_santa_barbara.json,
Lassen Community College,82,82,"University of California, Santa Cruz",132,132,2025-2026,76,130,1,success,200,17209,json/lassen_community_college__to__university_of_california_santa_cruz.json,
Lemoore College,146,146,"University of California, Berkeley",79,79,2025-2026,76,95,1,success,200,12222,json/lemoore_college__to__university_of_california_berkeley.json,
Lemoore College,146,146,"University of California, Davis",89,89,2025-2026,76,119,1,success,200,15193,json/lemoore_college__to__university_of_california_davis.json,
Lemoore College,146,146,"University of California, Irvine",120,120,2025-2026,76,90,1,success,200,11744,json/lemoore_college__to__university_of_california_irvine.json,
Lemoore College,146,146,"University of California, Los Angeles",117,117,2025-2026,76,134,1,success,200,17335,json/lemoore_college__to__university_of_california_los_angeles.json,
Lemoore College,146,146,"University of California, Merced",144,144,2025-2026,76,123,1,success,200,19776,json/lemoore_college__to__university_of_california_merced.json,
Lemoore College,146,146,"University of California, Riverside",46,46,2025-2026,76,85,1,success,200,11176,json/lemoore_college__to__university_of_california_riverside.json,
Lemoore College,146,146,"University of California, San Diego",7,7,2025-2026,76,168,1,success,200,23420,json/lemoore_college__to__university_of_california_san_diego.json,
Lemoore College,146,146,"University of California, Santa Barbara",128,128,2025-2026,76,102,1,success,200,13806,json/lemoore_college__to__university_of_california_santa_barbara.json,
Lemoore College,146,146,"University of California, Santa Cruz",132,132,2025-2026,76,130,1,success,200,17340,json/lemoore_college__to__university_of_california_santa_cruz.json,
Long Beach City College,135,135,"University of California, Berkeley",79,79,2025-2026,76,95,1,success,200,12222,json/long_beach_city_college__to__university_of_california_berkeley.json,
Long Beach City College,135,135,"University of California, Davis",89,89,2025-2026,76,119,1,success,200,15193,json/long_beach_city_college__to__university_of_california_davis.json,
Long Beach City College,135,135,"University of California, Irvine",120,120,2025-2026,76,90,1,success,200,11744,json/long_beach_city_college__to__university_of_california_irvine.json,
Long Beach City College,135,135,"University of California, Los Angeles",117,117,2025-2026,76,134,1,success,200,17335,json/long_beach_city_college__to__university_of_california_los_angeles.json,
Long Beach City College,135,135,"University of California, Merced",144,144,2025-2026,76,123,1,success,200,19776,json/long_beach_city_college__to__university_of_california_merced.json,
Long Beach City College,135,135,"University of California, Riverside",46,46,2025-2026,76,85,1,success,200,11176,json/long_beach_city_college__to__university_of_california_riverside.json,
Long Beach City College,135,135,"University of California, San Diego",7,7,2025-2026,76,168,1,success,200,23420,json/long_beach_city_college__to__university_of_california_san_diego.json,
Long Beach City College,135,135,"University of California, Santa Barbara",128,128,2025-2026,76,102,1,success,200,13806,json/long_beach_city_college__to__university_of_california_santa_barbara.json,
Long Beach City College,135,135,"University of California, Santa Cruz",132,132,2025-2026,76,130,1,success,200,17340,json/long_beach_city_college__to__university_of_california_santa_cruz.json,
Los Angeles City College,3,3,"University of California, Berkeley",79,79,2025-2026,76,95,1,success,200,12030,json/los_angeles_city_college__to__university_of_california_berkeley.json,
Los Angeles City College,3,3,"University of California, Davis",89,89,2025-2026,76,119,1,success,200,14953,json/los_angeles_city_college__to__university_of_california_davis.json,
Los Angeles City College,3,3,"University of California, Irvine",120,120,2025-2026,76,90,1,success,200,11562,json/los_angeles_city_college__to__university_of_california_irvine.json,
Los Angeles City College,3,3,"University of California, Los Angeles",117,117,2025-2026,76,134,1,success,200,17065,json/los_angeles_city_college__to__university_of_california_los_angeles.json,
Los Angeles City College,3,3,"University of California, Merced",144,144,2025-2026,76,123,1,success,200,19528,json/los_angeles_city_college__to__university_of_california_merced.json,
Los Angeles City College,3,3,"University of California, Riverside",46,46,2025-2026,76,85,1,success,200,11004,json/los_angeles_city_college__to__university_of_california_riverside.json,
Los Angeles City College,3,3,"University of California, San Diego",7,7,2025-2026,76,168,1,success,200,23082,json/los_angeles_city_college__to__university_of_california_san_diego.json,
Los Angeles City College,3,3,"University of California, Santa Barbara",128,128,2025-2026,76,102,1,success,200,13600,json/los_angeles_city_college__to__university_of_california_santa_barbara.json,
Los Angeles City College,3,3,"University of California, Santa Cruz",132,132,2025-2026,76,130,1,success,200,17078,json/los_angeles_city_college__to__university_of_california_santa_cruz.json,
Los Angeles Harbor College,31,31,"University of California, Berkeley",79,79,2025-2026,76,95,1,success,200,12126,json/los_angeles_harbor_college__to__university_of_california_berkeley.json,
Los Angeles Harbor College,31,31,"University of California, Davis",89,89,2025-2026,76,119,1,success,200,15073,json/los_angeles_harbor_college__to__university_of_california_davis.json,
Los Angeles Harbor College,31,31,"University of California, Irvine",120,120,2025-2026,76,90,1,success,200,11653,json/los_angeles_harbor_college__to__university_of_california_irvine.json,
Los Angeles Harbor College,31,31,"University of California, Los Angeles",117,117,2025-2026,76,134,1,success,200,17200,json/los_angeles_harbor_college__to__university_of_california_los_angeles.json,
Los Angeles Harbor College,31,31,"University of California, Merced",144,144,2025-2026,76,123,1,success,200,19652,json/los_angeles_harbor_college__to__university_of_california_merced.json,
Los Angeles Harbor College,31,31,"University of California, Riverside",46,46,2025-2026,76,85,1,success,200,11090,json/los_angeles_harbor_college__to__university_of_california_riverside.json,
Los Angeles Harbor College,31,31,"University of California, San Diego",7,7,2025-2026,76,168,1,success,200,23251,json/los_angeles_harbor_college__to__university_of_california_san_diego.json,
Los Angeles Harbor College,31,31,"University of California, Santa Barbara",128,128,2025-2026,76,102,1,success,200,13703,json/los_angeles_harbor_college__to__university_of_california_santa_barbara.json,
Los Angeles Harbor College,31,31,"University of California, Santa Cruz",132,132,2025-2026,76,130,1,success,200,17209,json/los_angeles_harbor_college__to__university_of_california_santa_cruz.json,
Los Angeles Mission College,47,47,"University of California, Berkeley",79,79,2025-2026,76,95,1,success,200,12126,json/los_angeles_mission_college__to__university_of_california_berkeley.json,
Los Angeles Mission College,47,47,"University of California, Davis",89,89,2025-2026,76,119,1,success,200,15073,json/los_angeles_mission_college__to__university_of_california_davis.json,
Los Angeles Mission College,47,47,"University of California, Irvine",120,120,2025-2026,76,90,1,success,200,11653,json/los_angeles_mission_college__to__university_of_california_irvine.json,
Los Angeles Mission College,47,47,"University of California, Los Angeles",117,117,2025-2026,76,134,1,success,200,17200,json/los_angeles_mission_college__to__university_of_california_los_angeles.json,
Los Angeles Mission College,47,47,"University of California, Merced",144,144,2025-2026,76,123,1,success,200,19652,json/los_angeles_mission_college__to__university_of_california_merced.json,
Los Angeles Mission College,47,47,"University of California, Riverside",46,46,2025-2026,76,85,1,success,200,11090,json/los_angeles_mission_college__to__university_of_california_riverside.json,
Los Angeles Mission College,47,47,"University of California, San Diego",7,7,2025-2026,76,168,1,success,200,23251,json/los_angeles_mission_college__to__university_of_california_san_diego.json,
Los Angeles Mission College,47,47,"University of California, Santa Barbara",128,128,2025-2026,76,102,1,success,200,13703,json/los_angeles_mission_college__to__university_of_california_santa_barbara.json,
Los Angeles Mission College,47,47,"University of California, Santa Cruz",132,132,2025-2026,76,130,1,success,200,17209,json/los_angeles_mission_college__to__university_of_california_santa_cruz.json,
Los Angeles Pierce College,86,86,"University of California, Berkeley",79,79,2025-2026,76,95,1,success,200,12126,json/los_angeles_pierce_college__to__university_of_california_berkeley.json,
Los Angeles Pierce College,86,86,"University of California, Davis",89,89,2025-2026,76,119,1,success,200,15073,json/los_angeles_pierce_college__to__university_of_california_davis.json,
Los Angeles Pierce College,86,86,"University of California, Irvine",120,120,2025-2026,76,90,1,success,200,11653,json/los_angeles_pierce_college__to__university_of_california_irvine.json,
Los Angeles Pierce College,86,86,"University of California, Los Angeles",117,117,2025-2026,76,134,1,success,200,17200,json/los_angeles_pierce_college__to__university_of_california_los_angeles.json,
Los Angeles Pierce College,86,86,"University of California, Merced",144,144,2025-2026,76,123,1,success,200,19652,json/los_angeles_pierce_college__to__university_of_california_merced.json,
Los Angeles Pierce College,86,86,"University of California, Riverside",46,46,2025-2026,76,85,1,success,200,11090,json/los_angeles_pierce_college__to__university_of_california_riverside.json,
Los Angeles Pierce College,86,86,"University of California, San Diego",7,7,2025-2026,76,168,1,success,200,23251,json/los_angeles_pierce_college__to__university_of_california_san_diego.json,
Los Angeles Pierce College,86,86,"University of California, Santa Barbara",128,128,2025-2026,76,102,1,success,200,13703,json/los_angeles_pierce_college__to__university_of_california_santa_barbara.json,
Los Angeles Pierce College,86,86,"University of California, Santa Cruz",132,132,2025-2026,76,130,1,success,200,17209,json/los_angeles_pierce_college__to__university_of_california_santa_cruz.json,
Los Angeles Southwest College,130,130,"University of California, Berkeley",79,79,2025-2026,76,95,1,success,200,12222,json/los_angeles_southwest_college__to__university_of_california_berkeley.json,
Los Angeles Southwest College,130,130,"University of California, Davis",89,89,2025-2026,76,119,1,success,200,15193,json/los_angeles_southwest_college__to__university_of_california_davis.json,
Los Angeles Southwest College,130,130,"University of California, Irvine",120,120,2025-2026,76,90,1,success,200,11744,json/los_angeles_southwest_college__to__university_of_california_irvine.json,
Los Angeles Southwest College,130,130,"University of California, Los Angeles",117,117,2025-2026,76,134,1,success,200,17335,json/los_angeles_southwest_college__to__university_of_california_los_angeles.json,
Los Angeles Southwest College,130,130,"University of California, Merced",144,144,2025-2026,76,123,1,success,200,19776,json/los_angeles_southwest_college__to__university_of_california_merced.json,
Los Angeles Southwest College,130,130,"University of California, Riverside",46,46,2025-2026,76,85,1,success,200,11176,json/los_angeles_southwest_college__to__university_of_california_riverside.json,
Los Angeles Southwest College,130,130,"University of California, San Diego",7,7,2025-2026,76,168,1,success,200,23420,json/los_angeles_southwest_college__to__university_of_california_san_diego.json,
Los Angeles Southwest College,130,130,"University of California, Santa Barbara",128,128,2025-2026,76,102,1,success,200,13806,json/los_angeles_southwest_college__to__university_of_california_santa_barbara.json,
Los Angeles Southwest College,130,130,"University of California, Santa Cruz",132,132,2025-2026,76,130,1,success,200,17340,json/los_angeles_southwest_college__to__university_of_california_santa_cruz.json,
Los Angeles Trade Technical College,25,25,"University of California, Berkeley",79,79,2025-2026,76,95,1,success,200,12126,json/los_angeles_trade_technical_college__to__university_of_california_berkeley.json,
Los Angeles Trade Technical College,25,25,"University of California, Davis",89,89,2025-2026,76,119,1,success,200,15073,json/los_angeles_trade_technical_college__to__university_of_california_davis.json,
Los Angeles Trade Technical College,25,25,"University of California, Irvine",120,120,2025-2026,76,90,1,success,200,11653,json/los_angeles_trade_technical_college__to__university_of_california_irvine.json,
Los Angeles Trade Technical College,25,25,"University of California, Los Angeles",117,117,2025-2026,76,134,1,success,200,17200,json/los_angeles_trade_technical_college__to__university_of_california_los_angeles.json,
Los Angeles Trade Technical College,25,25,"University of California, Merced",144,144,2025-2026,76,123,1,success,200,19652,json/los_angeles_trade_technical_college__to__university_of_california_merced.json,
Los Angeles Trade Technical College,25,25,"University of California, Riverside",46,46,2025-2026,76,85,1,success,200,11090,json/los_angeles_trade_technical_college__to__university_of_california_riverside.json,
Los Angeles Trade Technical College,25,25,"University of California, San Diego",7,7,2025-2026,76,168,1,success,200,23251,json/los_angeles_trade_technical_college__to__university_of_california_san_diego.json,
Los Angeles Trade Technical College,25,25,"University of California, Santa Barbara",128,128,2025-2026,76,102,1,success,200,13703,json/los_angeles_trade_technical_college__to__university_of_california_santa_barbara.json,
Los Angeles Trade Technical College,25,25,"University of California, Santa Cruz",132,132,2025-2026,76,130,1,success,200,17209,json/los_angeles_trade_technical_college__to__university_of_california_santa_cruz.json,
Los Angeles Valley College,44,44,"University of California, Berkeley",79,79,2025-2026,76,95,1,success,200,12126,json/los_angeles_valley_college__to__university_of_california_berkeley.json,
Los Angeles Valley College,44,44,"University of California, Davis",89,89,2025-2026,76,119,1,success,200,15073,json/los_angeles_valley_college__to__university_of_california_davis.json,
Los Angeles Valley College,44,44,"University of California, Irvine",120,120,2025-2026,76,90,1,success,200,11653,json/los_angeles_valley_college__to__university_of_california_irvine.json,
Los Angeles Valley College,44,44,"University of California, Los Angeles",117,117,2025-2026,76,134,1,success,200,17200,json/los_angeles_valley_college__to__university_of_california_los_angeles.json,
Los Angeles Valley College,44,44,"University of California, Merced",144,144,2025-2026,76,123,1,success,200,19652,json/los_angeles_valley_college__to__university_of_california_merced.json,
Los Angeles Valley College,44,44,"University of California, Riverside",46,46,2025-2026,76,85,1,success,200,11090,json/los_angeles_valley_college__to__university_of_california_riverside.json,
Los Angeles Valley College,44,44,"University of California, San Diego",7,7,2025-2026,76,168,1,success,200,23251,json/los_angeles_valley_college__to__university_of_california_san_diego.json,
Los Angeles Valley College,44,44,"University of California, Santa Barbara",128,128,2025-2026,76,102,1,success,200,13703,json/los_angeles_valley_college__to__university_of_california_santa_barbara.json,
Los Angeles Valley College,44,44,"University of California, Santa Cruz",132,132,2025-2026,76,130,1,success,200,17209,json/los_angeles_valley_college__to__university_of_california_santa_cruz.json,
Los Medanos College,61,61,"University of California, Berkeley",79,79,2025-2026,76,95,1,success,200,12126,json/los_medanos_college__to__university_of_california_berkeley.json,
Los Medanos College,61,61,"University of California, Davis",89,89,2025-2026,76,119,1,success,200,15073,json/los_medanos_college__to__university_of_california_davis.json,
Los Medanos College,61,61,"University of California, Irvine",120,120,2025-2026,76,90,1,success,200,11653,json/los_medanos_college__to__university_of_california_irvine.json,
Los Medanos College,61,61,"University of California, Los Angeles",117,117,2025-2026,76,134,1,success,200,17200,json/los_medanos_college__to__university_of_california_los_angeles.json,
Los Medanos College,61,61,"University of California, Merced",144,144,2025-2026,76,123,1,success,200,19652,json/los_medanos_college__to__university_of_california_merced.json,
Los Medanos College,61,61,"University of California, Riverside",46,46,2025-2026,76,85,1,success,200,11090,json/los_medanos_college__to__university_of_california_riverside.json,
Los Medanos College,61,61,"University of California, San Diego",7,7,2025-2026,76,168,1,success,200,23251,json/los_medanos_college__to__university_of_california_san_diego.json,
Los Medanos College,61,61,"University of California, Santa Barbara",128,128,2025-2026,76,102,1,success,200,13703,json/los_medanos_college__to__university_of_california_santa_barbara.json,
Los Medanos College,61,61,"University of California, Santa Cruz",132,132,2025-2026,76,130,1,success,200,17209,json/los_medanos_college__to__university_of_california_santa_cruz.json,
Madera Community College,200,200,"University of California, Berkeley",79,79,2025-2026,76,95,1,success,200,12222,json/madera_community_college__to__university_of_california_berkeley.json,
Madera Community College,200,200,"University of California, Davis",89,89,2025-2026,76,119,1,success,200,15193,json/madera_community_college__to__university_of_california_davis.json,
Madera Community College,200,200,"University of California, Irvine",120,120,2025-2026,76,90,1,success,200,11744,json/madera_community_college__to__university_of_california_irvine.json,
Madera Community College,200,200,"University of California, Los Angeles",117,117,2025-2026,76,134,1,success,200,17335,json/madera_community_college__to__university_of_california_los_angeles.json,
Madera Community College,200,200,"University of California, Merced",144,144,2025-2026,76,123,1,success,200,19776,json/madera_community_college__to__university_of_california_merced.json,
Madera Community College,200,200,"University of California, Riverside",46,46,2025-2026,76,85,1,success,200,11176,json/madera_community_college__to__university_of_california_riverside.json,
Madera Community College,200,200,"University of California, San Diego",7,7,2025-2026,76,168,1,success,200,23420,json/madera_community_college__to__university_of_california_san_diego.json,
Madera Community College,200,200,"University of California, Santa Barbara",128,128,2025-2026,76,102,1,success,200,13806,json/madera_community_college__to__university_of_california_santa_barbara.json,
Madera Community College,200,200,"University of California, Santa Cruz",132,132,2025-2026,76,130,1,success,200,17340,json/madera_community_college__to__university_of_california_santa_cruz.json,
Mendocino College,100,100,"University of California, Berkeley",79,79,2025-2026,76,95,1,success,200,12222,json/mendocino_college__to__university_of_california_berkeley.json,
Mendocino College,100,100,"University of California, Davis",89,89,2025-2026,76,119,1,success,200,15193,json/mendocino_college__to__university_of_california_davis.json,
Mendocino College,100,100,"University of California, Irvine",120,120,2025-2026,76,90,1,success,200,11744,json/mendocino_college__to__university_of_california_irvine.json,
Mendocino College,100,100,"University of California, Los Angeles",117,117,2025-2026,76,134,1,success,200,17335,json/mendocino_college__to__university_of_california_los_angeles.json,
Mendocino College,100,100,"University of California, Merced",144,144,2025-2026,76,123,1,success,200,19776,json/mendocino_college__to__university_of_california_merced.json,
Mendocino College,100,100,"University of California, Riverside",46,46,2025-2026,76,85,1,success,200,11176,json/mendocino_college__to__university_of_california_riverside.json,
Mendocino College,100,100,"University of California, San Diego",7,7,2025-2026,76,168,1,success,200,23420,json/mendocino_college__to__university_of_california_san_diego.json,
Mendocino College,100,100,"University of California, Santa Barbara",128,128,2025-2026,76,102,1,success,200,13806,json/mendocino_college__to__university_of_california_santa_barbara.json,
Mendocino College,100,100,"University of California, Santa Cruz",132,132,2025-2026,76,130,1,success,200,17340,json/mendocino_college__to__university_of_california_santa_cruz.json,
Merced College,17,17,"University of California, Berkeley",79,79,2025-2026,76,95,1,success,200,12126,json/merced_college__to__university_of_california_berkeley.json,
Merced College,17,17,"University of California, Davis",89,89,2025-2026,76,119,1,success,200,15073,json/merced_college__to__university_of_california_davis.json,
Merced College,17,17,"University of California, Irvine",120,120,2025-2026,76,90,1,success,200,11653,json/merced_college__to__university_of_california_irvine.json,
Merced College,17,17,"University of California, Los Angeles",117,117,2025-2026,76,134,1,success,200,17200,json/merced_college__to__university_of_california_los_angeles.json,
Merced College,17,17,"University of California, Merced",144,144,2025-2026,76,123,1,success,200,19652,json/merced_college__to__university_of_california_merced.json,
Merced College,17,17,"University of California, Riverside",46,46,2025-2026,76,85,1,success,200,11090,json/merced_college__to__university_of_california_riverside.json,
Merced College,17,17,"University of California, San Diego",7,7,2025-2026,76,168,1,success,200,23251,json/merced_college__to__university_of_california_san_diego.json,
Merced College,17,17,"University of California, Santa Barbara",128,128,2025-2026,76,102,1,success,200,13703,json/merced_college__to__university_of_california_santa_barbara.json,
Merced College,17,17,"University of California, Santa Cruz",132,132,2025-2026,76,130,1,success,200,17209,json/merced_college__to__university_of_california_santa_cruz.json,
Merritt College,13,13,"University of California, Berkeley",79,79,2025-2026,76,95,1,success,200,12126,json/merritt_college__to__university_of_california_berkeley.json,
Merritt College,13,13,"University of California, Davis",89,89,2025-2026,76,119,1,success,200,15073,json/merritt_college__to__university_of_california_davis.json,
Merritt College,13,13,"University of California, Irvine",120,120,2025-2026,76,90,1,success,200,11653,json/merritt_college__to__university_of_california_irvine.json,
Merritt College,13,13,"University of California, Los Angeles",117,117,2025-2026,76,134,1,success,200,17200,json/merritt_college__to__university_of_california_los_angeles.json,
Merritt College,13,13,"University of California, Merced",144,144,2025-2026,76,123,1,success,200,19652,json/merritt_college__to__university_of_california_merced.json,
Merritt College,13,13,"University of California, Riverside",46,46,2025-2026,76,85,1,success,200,11090,json/merritt_college__to__university_of_california_riverside.json,
Merritt College,13,13,"University of California, San Diego",7,7,2025-2026,76,168,1,success,200,23251,json/merritt_college__to__university_of_california_san_diego.json,
Merritt College,13,13,"University of California, Santa Barbara",128,128,2025-2026,76,102,1,success,200,13703,json/merritt_college__to__university_of_california_santa_barbara.json,
Merritt College,13,13,"University of California, Santa Cruz",132,132,2025-2026,76,130,1,success,200,17209,json/merritt_college__to__university_of_california_santa_cruz.json,
MiraCosta College,108,108,"University of California, Berkeley",79,79,2025-2026,76,95,1,success,200,12222,json/miracosta_college__to__university_of_california_berkeley.json,
MiraCosta College,108,108,"University of California, Davis",89,89,2025-2026,76,119,1,success,200,15193,json/miracosta_college__to__university_of_california_davis.json,
MiraCosta College,108,108,"University of California, Irvine",120,120,2025-2026,76,90,1,success,200,11744,json/miracosta_college__to__university_of_california_irvine.json,
MiraCosta College,108,108,"University of California, Los Angeles",117,117,2025-2026,76,134,1,success,200,17335,json/miracosta_college__to__university_of_california_los_angeles.json,
MiraCosta College,108,108,"University of California, Merced",144,144,2025-2026,76,123,1,success,200,19776,json/miracosta_college__to__university_of_california_merced.json,
MiraCosta College,108,108,"University of California, Riverside",46,46,2025-2026,76,85,1,success,200,11176,json/miracosta_college__to__university_of_california_riverside.json,
MiraCosta College,108,108,"University of California, San Diego",7,7,2025-2026,76,168,1,success,200,23420,json/miracosta_college__to__university_of_california_san_diego.json,
MiraCosta College,108,108,"University of California, Santa Barbara",128,128,2025-2026,76,102,1,success,200,13806,json/miracosta_college__to__university_of_california_santa_barbara.json,
MiraCosta College,108,108,"University of California, Santa Cruz",132,132,2025-2026,76,130,1,success,200,17340,json/miracosta_college__to__university_of_california_santa_cruz.json,
Mission College,32,32,"University of California, Berkeley",79,79,2025-2026,76,95,1,success,200,12126,json/mission_college__to__university_of_california_berkeley.json,
Mission College,32,32,"University of California, Davis",89,89,2025-2026,76,119,1,success,200,15073,json/mission_college__to__university_of_california_davis.json,
Mission College,32,32,"University of California, Irvine",120,120,2025-2026,76,90,1,success,200,11653,json/mission_college__to__university_of_california_irvine.json,
Mission College,32,32,"University of California, Los Angeles",117,117,2025-2026,76,134,1,success,200,17200,json/mission_college__to__university_of_california_los_angeles.json,
Mission College,32,32,"University of California, Merced",144,144,2025-2026,76,123,1,success,200,19652,json/mission_college__to__university_of_california_merced.json,
Mission College,32,32,"University of California, Riverside",46,46,2025-2026,76,85,1,success,200,11090,json/mission_college__to__university_of_california_riverside.json,
Mission College,32,32,"University of California, San Diego",7,7,2025-2026,76,168,1,success,200,23251,json/mission_college__to__university_of_california_san_diego.json,
Mission College,32,32,"University of California, Santa Barbara",128,128,2025-2026,76,102,1,success,200,13703,json/mission_college__to__university_of_california_santa_barbara.json,
Mission College,32,32,"University of California, Santa Cruz",132,132,2025-2026,76,130,1,success,200,17209,json/mission_college__to__university_of_california_santa_cruz.json,
Modesto Junior College,52,52,"University of California, Berkeley",79,79,2025-2026,76,95,1,success,200,12126,json/modesto_junior_college__to__university_of_california_berkeley.json,
Modesto Junior College,52,52,"University of California, Davis",89,89,2025-2026,76,119,1,success,200,15073,json/modesto_junior_college__to__university_of_california_davis.json,
Modesto Junior College,52,52,"University of California, Irvine",120,120,2025-2026,76,90,1,success,200,11653,json/modesto_junior_college__to__university_of_california_irvine.json,
Modesto Junior College,52,52,"University of California, Los Angeles",117,117,2025-2026,76,134,1,success,200,17200,json/modesto_junior_college__to__university_of_california_los_angeles.json,
Modesto Junior College,52,52,"University of California, Merced",144,144,2025-2026,76,123,1,success,200,19652,json/modesto_junior_college__to__university_of_california_merced.json,
Modesto Junior College,52,52,"University of California, Riverside",46,46,2025-2026,76,85,1,success,200,11090,json/modesto_junior_college__to__university_of_california_riverside.json,
Modesto Junior College,52,52,"University of California, San Diego",7,7,2025-2026,76,168,1,success,200,23251,json/modesto_junior_college__to__university_of_california_san_diego.json,
Modesto Junior College,52,52,"University of California, Santa Barbara",128,128,2025-2026,76,102,1,success,200,13703,json/modesto_junior_college__to__university_of_california_santa_barbara.json,
Modesto Junior College,52,52,"University of California, Santa Cruz",132,132,2025-2026,76,130,1,success,200,17209,json/modesto_junior_college__to__university_of_california_santa_cruz.json,
Monterey Peninsula College,133,133,"University of California, Berkeley",79,79,2025-2026,76,95,1,success,200,12222,json/monterey_peninsula_college__to__university_of_california_berkeley.json,
Monterey Peninsula College,133,133,"University of California, Davis",89,89,2025-2026,76,119,1,success,200,15193,json/monterey_peninsula_college__to__university_of_california_davis.json,
Monterey Peninsula College,133,133,"University of California, Irvine",120,120,2025-2026,76,90,1,success,200,11744,json/monterey_peninsula_college__to__university_of_california_irvine.json,
Monterey Peninsula College,133,133,"University of California, Los Angeles",117,117,2025-2026,76,134,1,success,200,17335,json/monterey_peninsula_college__to__university_of_california_los_angeles.json,
Monterey Peninsula College,133,133,"University of California, Merced",144,144,2025-2026,76,123,1,success,200,19776,json/monterey_peninsula_college__to__university_of_california_merced.json,
Monterey Peninsula College,133,133,"University of California, Riverside",46,46,2025-2026,76,85,1,success,200,11176,json/monterey_peninsula_college__to__university_of_california_riverside.json,
Monterey Peninsula College,133,133,"University of California, San Diego",7,7,2025-2026,76,168,1,success,200,23420,json/monterey_peninsula_college__to__university_of_california_san_diego.json,
Monterey Peninsula College,133,133,"University of California, Santa Barbara",128,128,2025-2026,76,102,1,success,200,13806,json/monterey_peninsula_college__to__university_of_california_santa_barbara.json,
Monterey Peninsula College,133,133,"University of California, Santa Cruz",132,132,2025-2026,76,130,1,success,200,17340,json/monterey_peninsula_college__to__university_of_california_santa_cruz.json,
Moorpark College,139,139,"University of California, Berkeley",79,79,2025-2026,76,95,1,success,200,12222,json/moorpark_college__to__university_of_california_berkeley.json,
Moorpark College,139,139,"University of California, Davis",89,89,2025-2026,76,119,1,success,200,15193,json/moorpark_college__to__university_of_california_davis.json,
Moorpark College,139,139,"University of California, Irvine",120,120,2025-2026,76,90,1,success,200,11744,json/moorpark_college__to__university_of_california_irvine.json,
Moorpark College,139,139,"University of California, Los Angeles",117,117,2025-2026,76,134,1,success,200,17335,json/moorpark_college__to__university_of_california_los_angeles.json,
Moorpark College,139,139,"University of California, Merced",144,144,2025-2026,76,123,1,success,200,19776,json/moorpark_college__to__university_of_california_merced.json,
Moorpark College,139,139,"University of California, Riverside",46,46,2025-2026,76,85,1,success,200,11176,json/moorpark_college__to__university_of_california_riverside.json,
Moorpark College,139,139,"University of California, San Diego",7,7,2025-2026,76,168,1,success,200,23420,json/moorpark_college__to__university_of_california_san_diego.json,
Moorpark College,139,139,"University of California, Santa Barbara",128,128,2025-2026,76,102,1,success,200,13806,json/moorpark_college__to__university_of_california_santa_barbara.json,
Moorpark College,139,139,"University of California, Santa Cruz",132,132,2025-2026,76,130,1,success,200,17340,json/moorpark_college__to__university_of_california_santa_cruz.json,
Moreno Valley College,149,149,"University of California, Berkeley",79,79,2025-2026,76,95,1,success,200,12222,json/moreno_valley_college__to__university_of_california_berkeley.json,
Moreno Valley College,149,149,"University of California, Davis",89,89,2025-2026,76,119,1,success,200,15193,json/moreno_valley_college__to__university_of_california_davis.json,
Moreno Valley College,149,149,"University of California, Irvine",120,120,2025-2026,76,90,1,success,200,11744,json/moreno_valley_college__to__university_of_california_irvine.json,
Moreno Valley College,149,149,"University of California, Los Angeles",117,117,2025-2026,76,134,1,success,200,17335,json/moreno_valley_college__to__university_of_california_los_angeles.json,
Moreno Valley College,149,149,"University of California, Merced",144,144,2025-2026,76,123,1,success,200,19776,json/moreno_valley_college__to__university_of_california_merced.json,
Moreno Valley College,149,149,"University of California, Riverside",46,46,2025-2026,76,85,1,success,200,11176,json/moreno_valley_college__to__university_of_california_riverside.json,
Moreno Valley College,149,149,"University of California, San Diego",7,7,2025-2026,76,168,1,success,200,23420,json/moreno_valley_college__to__university_of_california_san_diego.json,
Moreno Valley College,149,149,"University of California, Santa Barbara",128,128,2025-2026,76,102,1,success,200,13806,json/moreno_valley_college__to__university_of_california_santa_barbara.json,
Moreno Valley College,149,149,"University of California, Santa Cruz",132,132,2025-2026,76,130,1,success,200,17340,json/moreno_valley_college__to__university_of_california_santa_cruz.json,
Mount San Antonio College,62,62,"University of California, Berkeley",79,79,2025-2026,76,95,1,success,200,12126,json/mount_san_antonio_college__to__university_of_california_berkeley.json,
Mount San Antonio College,62,62,"University of California, Davis",89,89,2025-2026,76,119,1,success,200,15073,json/mount_san_antonio_college__to__university_of_california_davis.json,
Mount San Antonio College,62,62,"University of California, Irvine",120,120,2025-2026,76,90,1,success,200,11653,json/mount_san_antonio_college__to__university_of_california_irvine.json,
Mount San Antonio College,62,62,"University of California, Los Angeles",117,117,2025-2026,76,134,1,success,200,17200,json/mount_san_antonio_college__to__university_of_california_los_angeles.json,
Mount San Antonio College,62,62,"University of California, Merced",144,144,2025-2026,76,123,1,success,200,19652,json/mount_san_antonio_college__to__university_of_california_merced.json,
Mount San Antonio College,62,62,"University of California, Riverside",46,46,2025-2026,76,85,1,success,200,11090,json/mount_san_antonio_college__to__university_of_california_riverside.json,
Mount San Antonio College,62,62,"University of California, San Diego",7,7,2025-2026,76,168,1,success,200,23251,json/mount_san_antonio_college__to__university_of_california_san_diego.json,
Mount San Antonio College,62,62,"University of California, Santa Barbara",128,128,2025-2026,76,102,1,success,200,13703,json/mount_san_antonio_college__to__university_of_california_santa_barbara.json,
Mount San Antonio College,62,62,"University of California, Santa Cruz",132,132,2025-2026,76,130,1,success,200,17209,json/mount_san_antonio_college__to__university_of_california_santa_cruz.json,
Mt. San Jacinto College,53,53,"University of California, Berkeley",79,79,2025-2026,76,95,1,success,200,12126,json/mt_san_jacinto_college__to__university_of_california_berkeley.json,
Mt. San Jacinto College,53,53,"University of California, Davis",89,89,2025-2026,76,119,1,success,200,15073,json/mt_san_jacinto_college__to__university_of_california_davis.json,
Mt. San Jacinto College,53,53,"University of California, Irvine",120,120,2025-2026,76,90,1,success,200,11653,json/mt_san_jacinto_college__to__university_of_california_irvine.json,
Mt. San Jacinto College,53,53,"University of California, Los Angeles",117,117,2025-2026,76,134,1,success,200,17200,json/mt_san_jacinto_college__to__university_of_california_los_angeles.json,
Mt. San Jacinto College,53,53,"University of California, Merced",144,144,2025-2026,76,123,1,success,200,19652,json/mt_san_jacinto_college__to__university_of_california_merced.json,
Mt. San Jacinto College,53,53,"University of California, Riverside",46,46,2025-2026,76,85,1,success,200,11090,json/mt_san_jacinto_college__to__university_of_california_riverside.json,
Mt. San Jacinto College,53,53,"University of California, San Diego",7,7,2025-2026,76,168,1,success,200,23251,json/mt_san_jacinto_college__to__university_of_california_san_diego.json,
Mt. San Jacinto College,53,53,"University of California, Santa Barbara",128,128,2025-2026,76,102,1,success,200,13703,json/mt_san_jacinto_college__to__university_of_california_santa_barbara.json,
Mt. San Jacinto College,53,53,"University of California, Santa Cruz",132,132,2025-2026,76,130,1,success,200,17209,json/mt_san_jacinto_college__to__university_of_california_santa_cruz.json,
Napa Valley College,73,73,"University of California, Berkeley",79,79,2025-2026,76,95,1,success,200,12126,json/napa_valley_college__to__university_of_california_berkeley.json,
Napa Valley College,73,73,"University of California, Davis",89,89,2025-2026,76,119,1,success,200,15073,json/napa_valley_college__to__university_of_california_davis.json,
Napa Valley College,73,73,"University of California, Irvine",120,120,2025-2026,76,90,1,success,200,11653,json/napa_valley_college__to__university_of_california_irvine.json,
Napa Valley College,73,73,"University of California, Los Angeles",117,117,2025-2026,76,134,1,success,200,17200,json/napa_valley_college__to__university_of_california_los_angeles.json,
Napa Valley College,73,73,"University of California, Merced",144,144,2025-2026,76,123,1,success,200,19652,json/napa_valley_college__to__university_of_california_merced.json,
Napa Valley College,73,73,"University of California, Riverside",46,46,2025-2026,76,85,1,success,200,11090,json/napa_valley_college__to__university_of_california_riverside.json,
Napa Valley College,73,73,"University of California, San Diego",7,7,2025-2026,76,168,1,success,200,23251,json/napa_valley_college__to__university_of_california_san_diego.json,
Napa Valley College,73,73,"University of California, Santa Barbara",128,128,2025-2026,76,102,1,success,200,13703,json/napa_valley_college__to__university_of_california_santa_barbara.json,
Napa Valley College,73,73,"University of California, Santa Cruz",132,132,2025-2026,76,130,1,success,200,17209,json/napa_valley_college__to__university_of_california_santa_cruz.json,
Norco College,148,148,"University of California, Berkeley",79,79,2025-2026,76,95,1,success,200,12222,json/norco_college__to__university_of_california_berkeley.json,
Norco College,148,148,"University of California, Davis",89,89,2025-2026,76,119,1,success,200,15193,json/norco_college__to__university_of_california_davis.json,
Norco College,148,148,"University of California, Irvine",120,120,2025-2026,76,90,1,success,200,11744,json/norco_college__to__university_of_california_irvine.json,
Norco College,148,148,"University of California, Los Angeles",117,117,2025-2026,76,134,1,success,200,17335,json/norco_college__to__university_of_california_los_angeles.json,
Norco College,148,148,"University of California, Merced",144,144,2025-2026,76,123,1,success,200,19776,json/norco_college__to__university_of_california_merced.json,
Norco College,148,148,"University of California, Riverside",46,46,2025-2026,76,85,1,success,200,11176,json/norco_college__to__university_of_california_riverside.json,
Norco College,148,148,"University of California, San Diego",7,7,2025-2026,76,168,1,success,200,23420,json/norco_college__to__university_of_california_san_diego.json,
Norco College,148,148,"University of California, Santa Barbara",128,128,2025-2026,76,102,1,success,200,13806,json/norco_college__to__university_of_california_santa_barbara.json,
Norco College,148,148,"University of California, Santa Cruz",132,132,2025-2026,76,130,1,success,200,17340,json/norco_college__to__university_of_california_santa_cruz.json,
Ohlone College,48,48,"University of California, Berkeley",79,79,2025-2026,76,95,1,success,200,12126,json/ohlone_college__to__university_of_california_berkeley.json,
Ohlone College,48,48,"University of California, Davis",89,89,2025-2026,76,119,1,success,200,15073,json/ohlone_college__to__university_of_california_davis.json,
Ohlone College,48,48,"University of California, Irvine",120,120,2025-2026,76,90,1,success,200,11653,json/ohlone_college__to__university_of_california_irvine.json,
Ohlone College,48,48,"University of California, Los Angeles",117,117,2025-2026,76,134,1,success,200,17200,json/ohlone_college__to__university_of_california_los_angeles.json,
Ohlone College,48,48,"University of California, Merced",144,144,2025-2026,76,123,1,success,200,19652,json/ohlone_college__to__university_of_california_merced.json,
Ohlone College,48,48,"University of California, Riverside",46,46,2025-2026,76,85,1,success,200,11090,json/ohlone_college__to__university_of_california_riverside.json,
Ohlone College,48,48,"University of California, San Diego",7,7,2025-2026,76,168,1,success,200,23251,json/ohlone_college__to__university_of_california_san_diego.json,
Ohlone College,48,48,"University of California, Santa Barbara",128,128,2025-2026,76,102,1,success,200,13703,json/ohlone_college__to__university_of_california_santa_barbara.json,
Ohlone College,48,48,"University of California, Santa Cruz",132,132,2025-2026,76,130,1,success,200,17209,json/ohlone_college__to__university_of_california_santa_cruz.json,
Orange Coast College,74,74,"University of California, Berkeley",79,79,2025-2026,76,95,1,success,200,12126,json/orange_coast_college__to__university_of_california_berkeley.json,
Orange Coast College,74,74,"University of California, Davis",89,89,2025-2026,76,119,1,success,200,15073,json/orange_coast_college__to__university_of_california_davis.json,
Orange Coast College,74,74,"University of California, Irvine",120,120,2025-2026,76,90,1,success,200,11653,json/orange_coast_college__to__university_of_california_irvine.json,
Orange Coast College,74,74,"University of California, Los Angeles",117,117,2025-2026,76,134,1,success,200,17200,json/orange_coast_college__to__university_of_california_los_angeles.json,
Orange Coast College,74,74,"University of California, Merced",144,144,2025-2026,76,123,1,success,200,19652,json/orange_coast_college__to__university_of_california_merced.json,
Orange Coast College,74,74,"University of California, Riverside",46,46,2025-2026,76,85,1,success,200,11090,json/orange_coast_college__to__university_of_california_riverside.json,
Orange Coast College,74,74,"University of California, San Diego",7,7,2025-2026,76,168,1,success,200,23251,json/orange_coast_college__to__university_of_california_san_diego.json,
Orange Coast College,74,74,"University of California, Santa Barbara",128,128,2025-2026,76,102,1,success,200,13703,json/orange_coast_college__to__university_of_california_santa_barbara.json,
Orange Coast College,74,74,"University of California, Santa Cruz",132,132,2025-2026,76,130,1,success,200,17209,json/orange_coast_college__to__university_of_california_santa_cruz.json,
Oxnard College,87,87,"University of California, Berkeley",79,79,2025-2026,76,95,1,success,200,12126,json/oxnard_college__to__university_of_california_berkeley.json,
Oxnard College,87,87,"University of California, Davis",89,89,2025-2026,76,119,1,success,200,15073,json/oxnard_college__to__university_of_california_davis.json,
Oxnard College,87,87,"University of California, Irvine",120,120,2025-2026,76,90,1,success,200,11653,json/oxnard_college__to__university_of_california_irvine.json,
Oxnard College,87,87,"University of California, Los Angeles",117,117,2025-2026,76,134,1,success,200,17200,json/oxnard_college__to__university_of_california_los_angeles.json,
Oxnard College,87,87,"University of California, Merced",144,144,2025-2026,76,123,1,success,200,19652,json/oxnard_college__to__university_of_california_merced.json,
Oxnard College,87,87,"University of California, Riverside",46,46,2025-2026,76,85,1,success,200,11090,json/oxnard_college__to__university_of_california_riverside.json,
Oxnard College,87,87,"University of California, San Diego",7,7,2025-2026,76,168,1,success,200,23251,json/oxnard_college__to__university_of_california_san_diego.json,
Oxnard College,87,87,"University of California, Santa Barbara",128,128,2025-2026,76,102,1,success,200,13703,json/oxnard_college__to__university_of_california_santa_barbara.json,
Oxnard College,87,87,"University of California, Santa Cruz",132,132,2025-2026,76,130,1,success,200,17209,json/oxnard_college__to__university_of_california_santa_cruz.json,
Palo Verde College,63,63,"University of California, Berkeley",79,79,2025-2026,76,95,1,success,200,12126,json/palo_verde_college__to__university_of_california_berkeley.json,
Palo Verde College,63,63,"University of California, Davis",89,89,2025-2026,76,119,1,success,200,15073,json/palo_verde_college__to__university_of_california_davis.json,
Palo Verde College,63,63,"University of California, Irvine",120,120,2025-2026,76,90,1,success,200,11653,json/palo_verde_college__to__university_of_california_irvine.json,
Palo Verde College,63,63,"University of California, Los Angeles",117,117,2025-2026,76,134,1,success,200,17200,json/palo_verde_college__to__university_of_california_los_angeles.json,
Palo Verde College,63,63,"University of California, Merced",144,144,2025-2026,76,123,1,success,200,19652,json/palo_verde_college__to__university_of_california_merced.json,
Palo Verde College,63,63,"University of California, Riverside",46,46,2025-2026,76,85,1,success,200,11090,json/palo_verde_college__to__university_of_california_riverside.json,
Palo Verde College,63,63,"University of California, San Diego",7,7,2025-2026,76,168,1,success,200,23251,json/palo_verde_college__to__university_of_california_san_diego.json,
Palo Verde College,63,63,"University of California, Santa Barbara",128,128,2025-2026,76,102,1,success,200,13703,json/palo_verde_college__to__university_of_california_santa_barbara.json,
Palo Verde College,63,63,"University of California, Santa Cruz",132,132,2025-2026,76,130,1,success,200,17209,json/palo_verde_college__to__university_of_california_santa_cruz.json,
Palomar College,56,56,"University of California, Berkeley",79,79,2025-2026,76,95,1,success,200,12126,json/palomar_college__to__university_of_california_berkeley.json,
Palomar College,56,56,"University of California, Davis",89,89,2025-2026,76,119,1,success,200,15073,json/palomar_college__to__university_of_california_davis.json,
Palomar College,56,56,"University of California, Irvine",120,120,2025-2026,76,90,1,success,200,11653,json/palomar_college__to__university_of_california_irvine.json,
Palomar College,56,56,"University of California, Los Angeles",117,117,2025-2026,76,134,1,success,200,17200,json/palomar_college__to__university_of_california_los_angeles.json,
Palomar College,56,56,"University of California, Merced",144,144,2025-2026,76,123,1,success,200,19652,json/palomar_college__to__university_of_california_merced.json,
Palomar College,56,56,"University of California, Riverside",46,46,2025-2026,76,85,1,success,200,11090,json/palomar_college__to__university_of_california_riverside.json,
Palomar College,56,56,"University of California, San Diego",7,7,2025-2026,76,168,1,success,200,23251,json/palomar_college__to__university_of_california_san_diego.json,
Palomar College,56,56,"University of California, Santa Barbara",128,128,2025-2026,76,102,1,success,200,13703,json/palomar_college__to__university_of_california_santa_barbara.json,
Palomar College,56,56,"University of California, Santa Cruz",132,132,2025-2026,76,130,1,success,200,17209,json/palomar_college__to__university_of_california_santa_cruz.json,
Pasadena City College,49,49,"University of California, Berkeley",79,79,2025-2026,76,95,1,success,200,12126,json/pasadena_city_college__to__university_of_california_berkeley.json,
Pasadena City College,49,49,"University of California, Davis",89,89,2025-2026,76,119,1,success,200,15073,json/pasadena_city_college__to__university_of_california_davis.json,
Pasadena City College,49,49,"University of California, Irvine",120,120,2025-2026,76,90,1,success,200,11653,json/pasadena_city_college__to__university_of_california_irvine.json,
Pasadena City College,49,49,"University of California, Los Angeles",117,117,2025-2026,76,134,1,success,200,17200,json/pasadena_city_college__to__university_of_california_los_angeles.json,
Pasadena City College,49,49,"University of California, Merced",144,144,2025-2026,76,123,1,success,200,19652,json/pasadena_city_college__to__university_of_california_merced.json,
Pasadena City College,49,49,"University of California, Riverside",46,46,2025-2026,76,85,1,success,200,11090,json/pasadena_city_college__to__university_of_california_riverside.json,
Pasadena City College,49,49,"University of California, San Diego",7,7,2025-2026,76,168,1,success,200,23251,json/pasadena_city_college__to__university_of_california_san_diego.json,
Pasadena City College,49,49,"University of California, Santa Barbara",128,128,2025-2026,76,102,1,success,200,13703,json/pasadena_city_college__to__university_of_california_santa_barbara.json,
Pasadena City College,49,49,"University of California, Santa Cruz",132,132,2025-2026,76,130,1,success,200,17209,json/pasadena_city_college__to__university_of_california_santa_cruz.json,
Porterville College,125,125,"University of California, Berkeley",79,79,2025-2026,76,95,1,success,200,12222,json/porterville_college__to__university_of_california_berkeley.json,
Porterville College,125,125,"University of California, Davis",89,89,2025-2026,76,119,1,success,200,15193,json/porterville_college__to__university_of_california_davis.json,
Porterville College,125,125,"University of California, Irvine",120,120,2025-2026,76,90,1,success,200,11744,json/porterville_college__to__university_of_california_irvine.json,
Porterville College,125,125,"University of California, Los Angeles",117,117,2025-2026,76,134,1,success,200,17335,json/porterville_college__to__university_of_california_los_angeles.json,
Porterville College,125,125,"University of California, Merced",144,144,2025-2026,76,123,1,success,200,19776,json/porterville_college__to__university_of_california_merced.json,
Porterville College,125,125,"University of California, Riverside",46,46,2025-2026,76,85,1,success,200,11176,json/porterville_college__to__university_of_california_riverside.json,
Porterville College,125,125,"University of California, San Diego",7,7,2025-2026,76,168,1,success,200,23420,json/porterville_college__to__university_of_california_san_diego.json,
Porterville College,125,125,"University of California, Santa Barbara",128,128,2025-2026,76,102,1,success,200,13806,json/porterville_college__to__university_of_california_santa_barbara.json,
Porterville College,125,125,"University of California, Santa Cruz",132,132,2025-2026,76,130,1,success,200,17340,json/porterville_college__to__university_of_california_santa_cruz.json,
Rancho Santiago College,14,14,"University of California, Berkeley",79,79,2025-2026,76,95,1,success,200,12126,json/rancho_santiago_college__to__university_of_california_berkeley.json,
Rancho Santiago College,14,14,"University of California, Davis",89,89,2025-2026,76,119,1,success,200,15073,json/rancho_santiago_college__to__university_of_california_davis.json,
Rancho Santiago College,14,14,"University of California, Irvine",120,120,2025-2026,76,90,1,success,200,11653,json/rancho_santiago_college__to__university_of_california_irvine.json,
Rancho Santiago College,14,14,"University of California, Los Angeles",117,117,2025-2026,76,134,1,success,200,17200,json/rancho_santiago_college__to__university_of_california_los_angeles.json,
Rancho Santiago College,14,14,"University of California, Merced",144,144,2025-2026,76,123,1,success,200,19652,json/rancho_santiago_college__to__university_of_california_merced.json,
Rancho Santiago College,14,14,"University of California, Riverside",46,46,2025-2026,76,85,1,success,200,11090,json/rancho_santiago_college__to__university_of_california_riverside.json,
Rancho Santiago College,14,14,"University of California, San Diego",7,7,2025-2026,76,168,1,success,200,23251,json/rancho_santiago_college__to__university_of_california_san_diego.json,
Rancho Santiago College,14,14,"University of California, Santa Barbara",128,128,2025-2026,76,102,1,success,200,13703,json/rancho_santiago_college__to__university_of_california_santa_barbara.json,
Rancho Santiago College,14,14,"University of California, Santa Cruz",132,132,2025-2026,76,130,1,success,200,17209,json/rancho_santiago_college__to__university_of_california_santa_cruz.json,
Reedley College,36,36,"University of California, Berkeley",79,79,2025-2026,76,95,1,success,200,12126,json/reedley_college__to__university_of_california_berkeley.json,
Reedley College,36,36,"University of California, Davis",89,89,2025-2026,76,119,1,success,200,15073,json/reedley_college__to__university_of_california_davis.json,
Reedley College,36,36,"University of California, Irvine",120,120,2025-2026,76,90,1,success,200,11653,json/reedley_college__to__university_of_california_irvine.json,
Reedley College,36,36,"University of California, Los Angeles",117,117,2025-2026,76,134,1,success,200,17200,json/reedley_college__to__university_of_california_los_angeles.json,
Reedley College,36,36,"University of California, Merced",144,144,2025-2026,76,123,1,success,200,19652,json/reedley_college__to__university_of_california_merced.json,
Reedley College,36,36,"University of California, Riverside",46,46,2025-2026,76,85,1,success,200,11090,json/reedley_college__to__university_of_california_riverside.json,
Reedley College,36,36,"University of California, San Diego",7,7,2025-2026,76,168,1,success,200,23251,json/reedley_college__to__university_of_california_san_diego.json,
Reedley College,36,36,"University of California, Santa Barbara",128,128,2025-2026,76,102,1,success,200,13703,json/reedley_college__to__university_of_california_santa_barbara.json,
Reedley College,36,36,"University of California, Santa Cruz",132,132,2025-2026,76,130,1,success,200,17209,json/reedley_college__to__university_of_california_santa_cruz.json,
Rio Hondo College,64,64,"University of California, Berkeley",79,79,2025-2026,76,95,1,success,200,12126,json/rio_hondo_college__to__university_of_california_berkeley.json,
Rio Hondo College,64,64,"University of California, Davis",89,89,2025-2026,76,119,1,success,200,15073,json/rio_hondo_college__to__university_of_california_davis.json,
Rio Hondo College,64,64,"University of California, Irvine",120,120,2025-2026,76,90,1,success,200,11653,json/rio_hondo_college__to__university_of_california_irvine.json,
Rio Hondo College,64,64,"University of California, Los Angeles",117,117,2025-2026,76,134,1,success,200,17200,json/rio_hondo_college__to__university_of_california_los_angeles.json,
Rio Hondo College,64,64,"University of California, Merced",144,144,2025-2026,76,123,1,success,200,19652,json/rio_hondo_college__to__university_of_california_merced.json,
Rio Hondo College,64,64,"University of California, Riverside",46,46,2025-2026,76,85,1,success,200,11090,json/rio_hondo_college__to__university_of_california_riverside.json,
Rio Hondo College,64,64,"University of California, San Diego",7,7,2025-2026,76,168,1,success,200,23251,json/rio_hondo_college__to__university_of_california_san_diego.json,
Rio Hondo College,64,64,"University of California, Santa Barbara",128,128,2025-2026,76,102,1,success,200,13703,json/rio_hondo_college__to__university_of_california_santa_barbara.json,
Rio Hondo College,64,64,"University of California, Santa Cruz",132,132,2025-2026,76,130,1,success,200,17209,json/rio_hondo_college__to__university_of_california_santa_cruz.json,
Riverside City College,78,78,"University of California, Berkeley",79,79,2025-2026,76,95,1,success,200,12126,json/riverside_city_college__to__university_of_california_berkeley.json,
Riverside City College,78,78,"University of California, Davis",89,89,2025-2026,76,119,1,success,200,15073,json/riverside_city_college__to__university_of_california_davis.json,
Riverside City College,78,78,"University of California, Irvine",120,120,2025-2026,76,90,1,success,200,11653,json/riverside_city_college__to__university_of_california_irvine.json,
Riverside City College,78,78,"University of California, Los Angeles",117,117,2025-2026,76,134,1,success,200,17200,json/riverside_city_college__to__university_of_california_los_angeles.json,
Riverside City College,78,78,"University of California, Merced",144,144,2025-2026,76,123,1,success,200,19652,json/riverside_city_college__to__university_of_california_merced.json,
Riverside City College,78,78,"University of California, Riverside",46,46,2025-2026,76,85,1,success,200,11090,json/riverside_city_college__to__university_of_california_riverside.json,
Riverside City College,78,78,"University of California, San Diego",7,7,2025-2026,76,168,1,success,200,23251,json/riverside_city_college__to__university_of_california_san_diego.json,
Riverside City College,78,78,"University of California, Santa Barbara",128,128,2025-2026,76,102,1,success,200,13703,json/riverside_city_college__to__university_of_california_santa_barbara.json,
Riverside City College,78,78,"University of California, Santa Cruz",132,132,2025-2026,76,130,1,success,200,17209,json/riverside_city_college__to__university_of_california_santa_cruz.json,
Sacramento City College,126,126,"University of California, Berkeley",79,79,2025-2026,76,95,1,success,200,12222,json/sacramento_city_college__to__university_of_california_berkeley.json,
Sacramento City College,126,126,"University of California, Davis",89,89,2025-2026,76,119,1,success,200,15193,json/sacramento_city_college__to__university_of_california_davis.json,
Sacramento City College,126,126,"University of California, Irvine",120,120,2025-2026,76,90,1,success,200,11744,json/sacramento_city_college__to__university_of_california_irvine.json,
Sacramento City College,126,126,"University of California, Los Angeles",117,117,2025-2026,76,134,1,success,200,17335,json/sacramento_city_college__to__university_of_california_los_angeles.json,
Sacramento City College,126,126,"University of California, Merced",144,144,2025-2026,76,123,1,success,200,19776,json/sacramento_city_college__to__university_of_california_merced.json,
Sacramento City College,126,126,"University of California, Riverside",46,46,2025-2026,76,85,1,success,200,11176,json/sacramento_city_college__to__university_of_california_riverside.json,
Sacramento City College,126,126,"University of California, San Diego",7,7,2025-2026,76,168,1,success,200,23420,json/sacramento_city_college__to__university_of_california_san_diego.json,
Sacramento City College,126,126,"University of California, Santa Barbara",128,128,2025-2026,76,102,1,success,200,13806,json/sacramento_city_college__to__university_of_california_santa_barbara.json,
Sacramento City College,126,126,"University of California, Santa Cruz",132,132,2025-2026,76,130,1,success,200,17340,json/sacramento_city_college__to__university_of_california_santa_cruz.json,
Saddleback College,65,65,"University of California, Berkeley",79,79,2025-2026,76,95,1,success,200,12126,json/saddleback_college__to__university_of_california_berkeley.json,
Saddleback College,65,65,"University of California, Davis",89,89,2025-2026,76,119,1,success,200,15073,json/saddleback_college__to__university_of_california_davis.json,
Saddleback College,65,65,"University of California, Irvine",120,120,2025-2026,76,90,1,success,200,11653,json/saddleback_college__to__university_of_california_irvine.json,
Saddleback College,65,65,"University of California, Los Angeles",117,117,2025-2026,76,134,1,success,200,17200,json/saddleback_college__to__university_of_california_los_angeles.json,
Saddleback College,65,65,"University of California, Merced",144,144,2025-2026,76,123,1,success,200,19652,json/saddleback_college__to__university_of_california_merced.json,
Saddleback College,65,65,"University of California, Riverside",46,46,2025-2026,76,85,1,success,200,11090,json/saddleback_college__to__university_of_california_riverside.json,
Saddleback College,65,65,"University of California, San Diego",7,7,2025-2026,76,168,1,success,200,23251,json/saddleback_college__to__university_of_california_san_diego.json,
Saddleback College,65,65,"University of California, Santa Barbara",128,128,2025-2026,76,102,1,success,200,13703,json/saddleback_college__to__university_of_california_santa_barbara.json,
Saddleback College,65,65,"University of California, Santa Cruz",132,132,2025-2026,76,130,1,success,200,17209,json/saddleback_college__to__university_of_california_santa_cruz.json,
San Bernardino Valley College,131,131,"University of California, Berkeley",79,79,2025-2026,76,95,1,success,200,12222,json/san_bernardino_valley_college__to__university_of_california_berkeley.json,
San Bernardino Valley College,131,131,"University of California, Davis",89,89,2025-2026,76,119,1,success,200,15193,json/san_bernardino_valley_college__to__university_of_california_davis.json,
San Bernardino Valley College,131,131,"University of California, Irvine",120,120,2025-2026,76,90,1,success,200,11744,json/san_bernardino_valley_college__to__university_of_california_irvine.json,
San Bernardino Valley College,131,131,"University of California, Los Angeles",117,117,2025-2026,76,134,1,success,200,17335,json/san_bernardino_valley_college__to__university_of_california_los_angeles.json,
San Bernardino Valley College,131,131,"University of California, Merced",144,144,2025-2026,76,123,1,success,200,19776,json/san_bernardino_valley_college__to__university_of_california_merced.json,
San Bernardino Valley College,131,131,"University of California, Riverside",46,46,2025-2026,76,85,1,success,200,11176,json/san_bernardino_valley_college__to__university_of_california_riverside.json,
San Bernardino Valley College,131,131,"University of California, San Diego",7,7,2025-2026,76,168,1,success,200,23420,json/san_bernardino_valley_college__to__university_of_california_san_diego.json,
San Bernardino Valley College,131,131,"University of California, Santa Barbara",128,128,2025-2026,76,102,1,success,200,13806,json/san_bernardino_valley_college__to__university_of_california_santa_barbara.json,
San Bernardino Valley College,131,131,"University of California, Santa Cruz",132,132,2025-2026,76,130,1,success,200,17340,json/san_bernardino_valley_college__to__university_of_california_santa_cruz.json,
San Diego City College,54,54,"University of California, Berkeley",79,79,2025-2026,76,95,1,success,200,12126,json/san_diego_city_college__to__university_of_california_berkeley.json,
San Diego City College,54,54,"University of California, Davis",89,89,2025-2026,76,119,1,success,200,15073,json/san_diego_city_college__to__university_of_california_davis.json,
San Diego City College,54,54,"University of California, Irvine",120,120,2025-2026,76,90,1,success,200,11653,json/san_diego_city_college__to__university_of_california_irvine.json,
San Diego City College,54,54,"University of California, Los Angeles",117,117,2025-2026,76,134,1,success,200,17200,json/san_diego_city_college__to__university_of_california_los_angeles.json,
San Diego City College,54,54,"University of California, Merced",144,144,2025-2026,76,123,1,success,200,19652,json/san_diego_city_college__to__university_of_california_merced.json,
San Diego City College,54,54,"University of California, Riverside",46,46,2025-2026,76,85,1,success,200,11090,json/san_diego_city_college__to__university_of_california_riverside.json,
San Diego City College,54,54,"University of California, San Diego",7,7,2025-2026,76,168,1,success,200,23251,json/san_diego_city_college__to__university_of_california_san_diego.json,
San Diego City College,54,54,"University of California, Santa Barbara",128,128,2025-2026,76,102,1,success,200,13703,json/san_diego_city_college__to__university_of_california_santa_barbara.json,
San Diego City College,54,54,"University of California, Santa Cruz",132,132,2025-2026,76,130,1,success,200,17209,json/san_diego_city_college__to__university_of_california_santa_cruz.json,
San Diego Mesa College,101,101,"University of California, Berkeley",79,79,2025-2026,76,95,1,success,200,12222,json/san_diego_mesa_college__to__university_of_california_berkeley.json,
San Diego Mesa College,101,101,"University of California, Davis",89,89,2025-2026,76,119,1,success,200,15193,json/san_diego_mesa_college__to__university_of_california_davis.json,
San Diego Mesa College,101,101,"University of California, Irvine",120,120,2025-2026,76,90,1,success,200,11744,json/san_diego_mesa_college__to__university_of_california_irvine.json,
San Diego Mesa College,101,101,"University of California, Los Angeles",117,117,2025-2026,76,134,1,success,200,17335,json/san_diego_mesa_college__to__university_of_california_los_angeles.json,
San Diego Mesa College,101,101,"University of California, Merced",144,144,2025-2026,76,123,1,success,200,19776,json/san_diego_mesa_college__to__university_of_california_merced.json,
San Diego Mesa College,101,101,"University of California, Riverside",46,46,2025-2026,76,85,1,success,200,11176,json/san_diego_mesa_college__to__university_of_california_riverside.json,
San Diego Mesa College,101,101,"University of California, San Diego",7,7,2025-2026,76,168,1,success,200,23420,json/san_diego_mesa_college__to__university_of_california_san_diego.json,
San Diego Mesa College,101,101,"University of California, Santa Barbara",128,128,2025-2026,76,102,1,success,200,13806,json/san_diego_mesa_college__to__university_of_california_santa_barbara.json,
San Diego Mesa College,101,101,"University of California, Santa Cruz",132,132,2025-2026,76,130,1,success,200,17340,json/san_diego_mesa_college__to__university_of_california_santa_cruz.json,
San Diego Miramar College,45,45,"University of California, Berkeley",79,79,2025-2026,76,95,1,success,200,12126,json/san_diego_miramar_college__to__university_of_california_berkeley.json,
San Diego Miramar College,45,45,"University of California, Davis",89,89,2025-2026,76,119,1,success,200,15073,json/san_diego_miramar_college__to__university_of_california_davis.json,
San Diego Miramar College,45,45,"University of California, Irvine",120,120,2025-2026,76,90,1,success,200,11653,json/san_diego_miramar_college__to__university_of_california_irvine.json,
San Diego Miramar College,45,45,"University of California, Los Angeles",117,117,2025-2026,76,134,1,success,200,17200,json/san_diego_miramar_college__to__university_of_california_los_angeles.json,
San Diego Miramar College,45,45,"University of California, Merced",144,144,2025-2026,76,123,1,success,200,19652,json/san_diego_miramar_college__to__university_of_california_merced.json,
San Diego Miramar College,45,45,"University of California, Riverside",46,46,2025-2026,76,85,1,success,200,11090,json/san_diego_miramar_college__to__university_of_california_riverside.json,
San Diego Miramar College,45,45,"University of California, San Diego",7,7,2025-2026,76,168,1,success,200,23251,json/san_diego_miramar_college__to__university_of_california_san_diego.json,
San Diego Miramar College,45,45,"University of California, Santa Barbara",128,128,2025-2026,76,102,1,success,200,13703,json/san_diego_miramar_college__to__university_of_california_santa_barbara.json,
San Diego Miramar College,45,45,"University of California, Santa Cruz",132,132,2025-2026,76,130,1,success,200,17209,json/san_diego_miramar_college__to__university_of_california_santa_cruz.json,
San Joaquin Delta College,109,109,"University of California, Berkeley",79,79,2025-2026,76,95,1,success,200,12222,json/san_joaquin_delta_college__to__university_of_california_berkeley.json,
San Joaquin Delta College,109,109,"University of California, Davis",89,89,2025-2026,76,119,1,success,200,15193,json/san_joaquin_delta_college__to__university_of_california_davis.json,
San Joaquin Delta College,109,109,"University of California, Irvine",120,120,2025-2026,76,90,1,success,200,11744,json/san_joaquin_delta_college__to__university_of_california_irvine.json,
San Joaquin Delta College,109,109,"University of California, Los Angeles",117,117,2025-2026,76,134,1,success,200,17335,json/san_joaquin_delta_college__to__university_of_california_los_angeles.json,
San Joaquin Delta College,109,109,"University of California, Merced",144,144,2025-2026,76,123,1,success,200,19776,json/san_joaquin_delta_college__to__university_of_california_merced.json,
San Joaquin Delta College,109,109,"University of California, Riverside",46,46,2025-2026,76,85,1,success,200,11176,json/san_joaquin_delta_college__to__university_of_california_riverside.json,
San Joaquin Delta College,109,109,"University of California, San Diego",7,7,2025-2026,76,168,1,success,200,23420,json/san_joaquin_delta_college__to__university_of_california_san_diego.json,
San Joaquin Delta College,109,109,"University of California, Santa Barbara",128,128,2025-2026,76,102,1,success,200,13806,json/san_joaquin_delta_college__to__university_of_california_santa_barbara.json,
San Joaquin Delta College,109,109,"University of California, Santa Cruz",132,132,2025-2026,76,130,1,success,200,17340,json/san_joaquin_delta_college__to__university_of_california_santa_cruz.json,
San Jose City College,136,136,"University of California, Berkeley",79,79,2025-2026,76,95,1,success,200,12222,json/san_jose_city_college__to__university_of_california_berkeley.json,
San Jose City College,136,136,"University of California, Davis",89,89,2025-2026,76,119,1,success,200,15193,json/san_jose_city_college__to__university_of_california_davis.json,
San Jose City College,136,136,"University of California, Irvine",120,120,2025-2026,76,90,1,success,200,11744,json/san_jose_city_college__to__university_of_california_irvine.json,
San Jose City College,136,136,"University of California, Los Angeles",117,117,2025-2026,76,134,1,success,200,17335,json/san_jose_city_college__to__university_of_california_los_angeles.json,
San Jose City College,136,136,"University of California, Merced",144,144,2025-2026,76,123,1,success,200,19776,json/san_jose_city_college__to__university_of_california_merced.json,
San Jose City College,136,136,"University of California, Riverside",46,46,2025-2026,76,85,1,success,200,11176,json/san_jose_city_college__to__university_of_california_riverside.json,
San Jose City College,136,136,"University of California, San Diego",7,7,2025-2026,76,168,1,success,200,23420,json/san_jose_city_college__to__university_of_california_san_diego.json,
San Jose City College,136,136,"University of California, Santa Barbara",128,128,2025-2026,76,102,1,success,200,13806,json/san_jose_city_college__to__university_of_california_santa_barbara.json,
San Jose City College,136,136,"University of California, Santa Cruz",132,132,2025-2026,76,130,1,success,200,17340,json/san_jose_city_college__to__university_of_california_santa_cruz.json,
Santa Ana College,14,14,"University of California, Berkeley",79,79,2025-2026,76,95,1,success,200,12126,json/santa_ana_college__to__university_of_california_berkeley.json,
Santa Ana College,14,14,"University of California, Davis",89,89,2025-2026,76,119,1,success,200,15073,json/santa_ana_college__to__university_of_california_davis.json,
Santa Ana College,14,14,"University of California, Irvine",120,120,2025-2026,76,90,1,success,200,11653,json/santa_ana_college__to__university_of_california_irvine.json,
Santa Ana College,14,14,"University of California, Los Angeles",117,117,2025-2026,76,134,1,success,200,17200,json/santa_ana_college__to__university_of_california_los_angeles.json,
Santa Ana College,14,14,"University of California, Merced",144,144,2025-2026,76,123,1,success,200,19652,json/santa_ana_college__to__university_of_california_merced.json,
Santa Ana College,14,14,"University of California, Riverside",46,46,2025-2026,76,85,1,success,200,11090,json/santa_ana_college__to__university_of_california_riverside.json,
Santa Ana College,14,14,"University of California, San Diego",7,7,2025-2026,76,168,1,success,200,23251,json/santa_ana_college__to__university_of_california_san_diego.json,
Santa Ana College,14,14,"University of California, Santa Barbara",128,128,2025-2026,76,102,1,success,200,13703,json/santa_ana_college__to__university_of_california_santa_barbara.json,
Santa Ana College,14,14,"University of California, Santa Cruz",132,132,2025-2026,76,130,1,success,200,17209,json/santa_ana_college__to__university_of_california_santa_cruz.json,
Santa Barbara City College,92,92,"University of California, Berkeley",79,79,2025-2026,76,95,1,success,200,12126,json/santa_barbara_city_college__to__university_of_california_berkeley.json,
Santa Barbara City College,92,92,"University of California, Davis",89,89,2025-2026,76,119,1,success,200,15073,json/santa_barbara_city_college__to__university_of_california_davis.json,
Santa Barbara City College,92,92,"University of California, Irvine",120,120,2025-2026,76,90,1,success,200,11653,json/santa_barbara_city_college__to__university_of_california_irvine.json,
Santa Barbara City College,92,92,"University of California, Los Angeles",117,117,2025-2026,76,134,1,success,200,17200,json/santa_barbara_city_college__to__university_of_california_los_angeles.json,
Santa Barbara City College,92,92,"University of California, Merced",144,144,2025-2026,76,123,1,success,200,19652,json/santa_barbara_city_college__to__university_of_california_merced.json,
Santa Barbara City College,92,92,"University of California, Riverside",46,46,2025-2026,76,85,1,success,200,11090,json/santa_barbara_city_college__to__university_of_california_riverside.json,
Santa Barbara City College,92,92,"University of California, San Diego",7,7,2025-2026,76,168,1,success,200,23251,json/santa_barbara_city_college__to__university_of_california_san_diego.json,
Santa Barbara City College,92,92,"University of California, Santa Barbara",128,128,2025-2026,76,102,1,success,200,13703,json/santa_barbara_city_college__to__university_of_california_santa_barbara.json,
Santa Barbara City College,92,92,"University of California, Santa Cruz",132,132,2025-2026,76,130,1,success,200,17209,json/santa_barbara_city_college__to__university_of_california_santa_cruz.json,
Santa Monica College,137,137,"University of California, Berkeley",79,79,2025-2026,76,95,1,success,200,12222,json/santa_monica_college__to__university_of_california_berkeley.json,
Santa Monica College,137,137,"University of California, Davis",89,89,2025-2026,76,119,1,success,200,15193,json/santa_monica_college__to__university_of_california_davis.json,
Santa Monica College,137,137,"University of California, Irvine",120,120,2025-2026,76,90,1,success,200,11744,json/santa_monica_college__to__university_of_california_irvine.json,
Santa Monica College,137,137,"University of California, Los Angeles",117,117,2025-2026,76,134,1,success,200,17335,json/santa_monica_college__to__university_of_california_los_angeles.json,
Santa Monica College,137,137,"University of California, Merced",144,144,2025-2026,76,123,1,success,200,19776,json/santa_monica_college__to__university_of_california_merced.json,
Santa Monica College,137,137,"University of California, Riverside",46,46,2025-2026,76,85,1,success,200,11176,json/santa_monica_college__to__university_of_california_riverside.json,
Santa Monica College,137,137,"University of California, San Diego",7,7,2025-2026,76,168,1,success,200,23420,json/santa_monica_college__to__university_of_california_san_diego.json,
Santa Monica College,137,137,"University of California, Santa Barbara",128,128,2025-2026,76,102,1,success,200,13806,json/santa_monica_college__to__university_of_california_santa_barbara.json,
Santa Monica College,137,137,"University of California, Santa Cruz",132,132,2025-2026,76,130,1,success,200,17340,json/santa_monica_college__to__university_of_california_santa_cruz.json,
Santa Rosa Junior College,57,57,"University of California, Berkeley",79,79,2025-2026,76,95,1,success,200,12126,json/santa_rosa_junior_college__to__university_of_california_berkeley.json,
Santa Rosa Junior College,57,57,"University of California, Davis",89,89,2025-2026,76,119,1,success,200,15073,json/santa_rosa_junior_college__to__university_of_california_davis.json,
Santa Rosa Junior College,57,57,"University of California, Irvine",120,120,2025-2026,76,90,1,success,200,11653,json/santa_rosa_junior_college__to__university_of_california_irvine.json,
Santa Rosa Junior College,57,57,"University of California, Los Angeles",117,117,2025-2026,76,134,1,success,200,17200,json/santa_rosa_junior_college__to__university_of_california_los_angeles.json,
Santa Rosa Junior College,57,57,"University of California, Merced",144,144,2025-2026,76,123,1,success,200,19652,json/santa_rosa_junior_college__to__university_of_california_merced.json,
Santa Rosa Junior College,57,57,"University of California, Riverside",46,46,2025-2026,76,85,1,success,200,11090,json/santa_rosa_junior_college__to__university_of_california_riverside.json,
Santa Rosa Junior College,57,57,"University of California, San Diego",7,7,2025-2026,76,168,1,success,200,23251,json/santa_rosa_junior_college__to__university_of_california_san_diego.json,
Santa Rosa Junior College,57,57,"University of California, Santa Barbara",128,128,2025-2026,76,102,1,success,200,13703,json/santa_rosa_junior_college__to__university_of_california_santa_barbara.json,
Santa Rosa Junior College,57,57,"University of California, Santa Cruz",132,132,2025-2026,76,130,1,success,200,17209,json/santa_rosa_junior_college__to__university_of_california_santa_cruz.json,
Santiago Canyon College,66,66,"University of California, Berkeley",79,79,2025-2026,76,95,1,success,200,12126,json/santiago_canyon_college__to__university_of_california_berkeley.json,
Santiago Canyon College,66,66,"University of California, Davis",89,89,2025-2026,76,119,1,success,200,15073,json/santiago_canyon_college__to__university_of_california_davis.json,
Santiago Canyon College,66,66,"University of California, Irvine",120,120,2025-2026,76,90,1,success,200,11653,json/santiago_canyon_college__to__university_of_california_irvine.json,
Santiago Canyon College,66,66,"University of California, Los Angeles",117,117,2025-2026,76,134,1,success,200,17200,json/santiago_canyon_college__to__university_of_california_los_angeles.json,
Santiago Canyon College,66,66,"University of California, Merced",144,144,2025-2026,76,123,1,success,200,19652,json/santiago_canyon_college__to__university_of_california_merced.json,
Santiago Canyon College,66,66,"University of California, Riverside",46,46,2025-2026,76,85,1,success,200,11090,json/santiago_canyon_college__to__university_of_california_riverside.json,
Santiago Canyon College,66,66,"University of California, San Diego",7,7,2025-2026,76,168,1,success,200,23251,json/santiago_canyon_college__to__university_of_california_san_diego.json,
Santiago Canyon College,66,66,"University of California, Santa Barbara",128,128,2025-2026,76,102,1,success,200,13703,json/santiago_canyon_college__to__university_of_california_santa_barbara.json,
Santiago Canyon College,66,66,"University of California, Santa Cruz",132,132,2025-2026,76,130,1,success,200,17209,json/santiago_canyon_college__to__university_of_california_santa_cruz.json,
Shasta College,38,38,"University of California, Berkeley",79,79,2025-2026,76,95,1,success,200,12126,json/shasta_college__to__university_of_california_berkeley.json,
Shasta College,38,38,"University of California, Davis",89,89,2025-2026,76,119,1,success,200,15073,json/shasta_college__to__university_of_california_davis.json,
Shasta College,38,38,"University of California, Irvine",120,120,2025-2026,76,90,1,success,200,11653,json/shasta_college__to__university_of_california_irvine.json,
Shasta College,38,38,"University of California, Los Angeles",117,117,2025-2026,76,134,1,success,200,17200,json/shasta_college__to__university_of_california_los_angeles.json,
Shasta College,38,38,"University of California, Merced",144,144,2025-2026,76,123,1,success,200,19652,json/shasta_college__to__university_of_california_merced.json,
Shasta College,38,38,"University of California, Riverside",46,46,2025-2026,76,85,1,success,200,11090,json/shasta_college__to__university_of_california_riverside.json,
Shasta College,38,38,"University of California, San Diego",7,7,2025-2026,76,168,1,success,200,23251,json/shasta_college__to__university_of_california_san_diego.json,
Shasta College,38,38,"University of California, Santa Barbara",128,128,2025-2026,76,102,1,success,200,13703,json/shasta_college__to__university_of_california_santa_barbara.json,
Shasta College,38,38,"University of California, Santa Cruz",132,132,2025-2026,76,130,1,success,200,17209,json/shasta_college__to__university_of_california_santa_cruz.json,
Sierra College,93,93,"University of California, Berkeley",79,79,2025-2026,76,95,1,success,200,12126,json/sierra_college__to__university_of_california_berkeley.json,
Sierra College,93,93,"University of California, Davis",89,89,2025-2026,76,119,1,success,200,15073,json/sierra_college__to__university_of_california_davis.json,
Sierra College,93,93,"University of California, Irvine",120,120,2025-2026,76,90,1,success,200,11653,json/sierra_college__to__university_of_california_irvine.json,
Sierra College,93,93,"University of California, Los Angeles",117,117,2025-2026,76,134,1,success,200,17200,json/sierra_college__to__university_of_california_los_angeles.json,
Sierra College,93,93,"University of California, Merced",144,144,2025-2026,76,123,1,success,200,19652,json/sierra_college__to__university_of_california_merced.json,
Sierra College,93,93,"University of California, Riverside",46,46,2025-2026,76,85,1,success,200,11090,json/sierra_college__to__university_of_california_riverside.json,
Sierra College,93,93,"University of California, San Diego",7,7,2025-2026,76,168,1,success,200,23251,json/sierra_college__to__university_of_california_san_diego.json,
Sierra College,93,93,"University of California, Santa Barbara",128,128,2025-2026,76,102,1,success,200,13703,json/sierra_college__to__university_of_california_santa_barbara.json,
Sierra College,93,93,"University of California, Santa Cruz",132,132,2025-2026,76,130,1,success,200,17209,json/sierra_college__to__university_of_california_santa_cruz.json,
Skyline College,127,127,"University of California, Berkeley",79,79,2025-2026,76,95,1,success,200,12222,json/skyline_college__to__university_of_california_berkeley.json,
Skyline College,127,127,"University of California, Davis",89,89,2025-2026,76,119,1,success,200,15193,json/skyline_college__to__university_of_california_davis.json,
Skyline College,127,127,"University of California, Irvine",120,120,2025-2026,76,90,1,success,200,11744,json/skyline_college__to__university_of_california_irvine.json,
Skyline College,127,127,"University of California, Los Angeles",117,117,2025-2026,76,134,1,success,200,17335,json/skyline_college__to__university_of_california_los_angeles.json,
Skyline College,127,127,"University of California, Merced",144,144,2025-2026,76,123,1,success,200,19776,json/skyline_college__to__university_of_california_merced.json,
Skyline College,127,127,"University of California, Riverside",46,46,2025-2026,76,85,1,success,200,11176,json/skyline_college__to__university_of_california_riverside.json,
Skyline College,127,127,"University of California, San Diego",7,7,2025-2026,76,168,1,success,200,23420,json/skyline_college__to__university_of_california_san_diego.json,
Skyline College,127,127,"University of California, Santa Barbara",128,128,2025-2026,76,102,1,success,200,13806,json/skyline_college__to__university_of_california_santa_barbara.json,
Skyline College,127,127,"University of California, Santa Cruz",132,132,2025-2026,76,130,1,success,200,17340,json/skyline_college__to__university_of_california_santa_cruz.json,
Solano Community College,94,94,"University of California, Berkeley",79,79,2025-2026,76,95,1,success,200,12126,json/solano_community_college__to__university_of_california_berkeley.json,
Solano Community College,94,94,"University of California, Davis",89,89,2025-2026,76,119,1,success,200,15073,json/solano_community_college__to__university_of_california_davis.json,
Solano Community College,94,94,"University of California, Irvine",120,120,2025-2026,76,90,1,success,200,11653,json/solano_community_college__to__university_of_california_irvine.json,
Solano Community College,94,94,"University of California, Los Angeles",117,117,2025-2026,76,134,1,success,200,17200,json/solano_community_college__to__university_of_california_los_angeles.json,
Solano Community College,94,94,"University of California, Merced",144,144,2025-2026,76,123,1,success,200,19652,json/solano_community_college__to__university_of_california_merced.json,
Solano Community College,94,94,"University of California, Riverside",46,46,2025-2026,76,85,1,success,200,11090,json/solano_community_college__to__university_of_california_riverside.json,
Solano Community College,94,94,"University of California, San Diego",7,7,2025-2026,76,168,1,success,200,23251,json/solano_community_college__to__university_of_california_san_diego.json,
Solano Community College,94,94,"University of California, Santa Barbara",128,128,2025-2026,76,102,1,success,200,13703,json/solano_community_college__to__university_of_california_santa_barbara.json,
Solano Community College,94,94,"University of California, Santa Cruz",132,132,2025-2026,76,130,1,success,200,17209,json/solano_community_college__to__university_of_california_santa_cruz.json,
Southwestern College,138,138,"University of California, Berkeley",79,79,2025-2026,76,95,1,success,200,12222,json/southwestern_college__to__university_of_california_berkeley.json,
Southwestern College,138,138,"University of California, Davis",89,89,2025-2026,76,119,1,success,200,15193,json/southwestern_college__to__university_of_california_davis.json,
Southwestern College,138,138,"University of California, Irvine",120,120,2025-2026,76,90,1,success,200,11744,json/southwestern_college__to__university_of_california_irvine.json,
Southwestern College,138,138,"University of California, Los Angeles",117,117,2025-2026,76,134,1,success,200,17335,json/southwestern_college__to__university_of_california_los_angeles.json,
Southwestern College,138,138,"University of California, Merced",144,144,2025-2026,76,123,1,success,200,19776,json/southwestern_college__to__university_of_california_merced.json,
Southwestern College,138,138,"University of California, Riverside",46,46,2025-2026,76,85,1,success,200,11176,json/southwestern_college__to__university_of_california_riverside.json,
Southwestern College,138,138,"University of California, San Diego",7,7,2025-2026,76,168,1,success,200,23420,json/southwestern_college__to__university_of_california_san_diego.json,
Southwestern College,138,138,"University of California, Santa Barbara",128,128,2025-2026,76,102,1,success,200,13806,json/southwestern_college__to__university_of_california_santa_barbara.json,
Southwestern College,138,138,"University of California, Santa Cruz",132,132,2025-2026,76,130,1,success,200,17340,json/southwestern_college__to__university_of_california_santa_cruz.json,
Taft College,119,119,"University of California, Berkeley",79,79,2025-2026,76,95,1,success,200,12222,json/taft_college__to__university_of_california_berkeley.json,
Taft College,119,119,"University of California, Davis",89,89,2025-2026,76,119,1,success,200,15193,json/taft_college__to__university_of_california_davis.json,
Taft College,119,119,"University of California, Irvine",120,120,2025-2026,76,90,1,success,200,11744,json/taft_college__to__university_of_california_irvine.json,
Taft College,119,119,"University of California, Los Angeles",117,117,2025-2026,76,134,1,success,200,17335,json/taft_college__to__university_of_california_los_angeles.json,
Taft College,119,119,"University of California, Merced",144,144,2025-2026,76,123,1,success,200,19776,json/taft_college__to__university_of_california_merced.json,
Taft College,119,119,"University of California, Riverside",46,46,2025-2026,76,85,1,success,200,11176,json/taft_college__to__university_of_california_riverside.json,
Taft College,119,119,"University of California, San Diego",7,7,2025-2026,76,168,1,success,200,23420,json/taft_college__to__university_of_california_san_diego.json,
Taft College,119,119,"University of California, Santa Barbara",128,128,2025-2026,76,102,1,success,200,13806,json/taft_college__to__university_of_california_santa_barbara.json,
Taft College,119,119,"University of California, Santa Cruz",132,132,2025-2026,76,130,1,success,200,17340,json/taft_college__to__university_of_california_santa_cruz.json,
Ventura College,95,95,"University of California, Berkeley",79,79,2025-2026,76,95,1,success,200,12126,json/ventura_college__to__university_of_california_berkeley.json,
Ventura College,95,95,"University of California, Davis",89,89,2025-2026,76,119,1,success,200,15073,json/ventura_college__to__university_of_california_davis.json,
Ventura College,95,95,"University of California, Irvine",120,120,2025-2026,76,90,1,success,200,11653,json/ventura_college__to__university_of_california_irvine.json,
Ventura College,95,95,"University of California, Los Angeles",117,117,2025-2026,76,134,1,success,200,17200,json/ventura_college__to__university_of_california_los_angeles.json,
Ventura College,95,95,"University of California, Merced",144,144,2025-2026,76,123,1,success,200,19652,json/ventura_college__to__university_of_california_merced.json,
Ventura College,95,95,"University of California, Riverside",46,46,2025-2026,76,85,1,success,200,11090,json/ventura_college__to__university_of_california_riverside.json,
Ventura College,95,95,"University of California, San Diego",7,7,2025-2026,76,168,1,success,200,23251,json/ventura_college__to__university_of_california_san_diego.json,
Ventura College,95,95,"University of California, Santa Barbara",128,128,2025-2026,76,102,1,success,200,13703,json/ventura_college__to__university_of_california_santa_barbara.json,
Ventura College,95,95,"University of California, Santa Cruz",132,132,2025-2026,76,130,1,success,200,17209,json/ventura_college__to__university_of_california_santa_cruz.json,
Victor Valley College,19,19,"University of California, Berkeley",79,79,2025-2026,76,95,1,success,200,12126,json/victor_valley_college__to__university_of_california_berkeley.json,
Victor Valley College,19,19,"University of California, Davis",89,89,2025-2026,76,119,1,success,200,15073,json/victor_valley_college__to__university_of_california_davis.json,
Victor Valley College,19,19,"University of California, Irvine",120,120,2025-2026,76,90,1,success,200,11653,json/victor_valley_college__to__university_of_california_irvine.json,
Victor Valley College,19,19,"University of California, Los Angeles",117,117,2025-2026,76,134,1,success,200,17200,json/victor_valley_college__to__university_of_california_los_angeles.json,
Victor Valley College,19,19,"University of California, Merced",144,144,2025-2026,76,123,1,success,200,19652,json/victor_valley_college__to__university_of_california_merced.json,
Victor Valley College,19,19,"University of California, Riverside",46,46,2025-2026,76,85,1,success,200,11090,json/victor_valley_college__to__university_of_california_riverside.json,
Victor Valley College,19,19,"University of California, San Diego",7,7,2025-2026,76,168,1,success,200,23251,json/victor_valley_college__to__university_of_california_san_diego.json,
Victor Valley College,19,19,"University of California, Santa Barbara",128,128,2025-2026,76,102,1,success,200,13703,json/victor_valley_college__to__university_of_california_santa_barbara.json,
Victor Valley College,19,19,"University of California, Santa Cruz",132,132,2025-2026,76,130,1,success,200,17209,json/victor_valley_college__to__university_of_california_santa_cruz.json,
Vista Community College,58,58,"University of California, Berkeley",79,79,2025-2026,76,95,1,success,200,12126,json/vista_community_college__to__university_of_california_berkeley.json,
Vista Community College,58,58,"University of California, Davis",89,89,2025-2026,76,119,1,success,200,15073,json/vista_community_college__to__university_of_california_davis.json,
Vista Community College,58,58,"University of California, Irvine",120,120,2025-2026,76,90,1,success,200,11653,json/vista_community_college__to__university_of_california_irvine.json,
Vista Community College,58,58,"University of California, Los Angeles",117,117,2025-2026,76,134,1,success,200,17200,json/vista_community_college__to__university_of_california_los_angeles.json,
Vista Community College,58,58,"University of California, Merced",144,144,2025-2026,76,123,1,success,200,19652,json/vista_community_college__to__university_of_california_merced.json,
Vista Community College,58,58,"University of California, Riverside",46,46,2025-2026,76,85,1,success,200,11090,json/vista_community_college__to__university_of_california_riverside.json,
Vista Community College,58,58,"University of California, San Diego",7,7,2025-2026,76,168,1,success,200,23251,json/vista_community_college__to__university_of_california_san_diego.json,
Vista Community College,58,58,"University of California, Santa Barbara",128,128,2025-2026,76,102,1,success,200,13703,json/vista_community_college__to__university_of_california_santa_barbara.json,
Vista Community College,58,58,"University of California, Santa Cruz",132,132,2025-2026,76,130,1,success,200,17209,json/vista_community_college__to__university_of_california_santa_cruz.json,
West Hills College Coalinga,67,67,"University of California, Berkeley",79,79,2025-2026,76,95,1,success,200,12126,json/west_hills_college_coalinga__to__university_of_california_berkeley.json,
West Hills College Coalinga,67,67,"University of California, Davis",89,89,2025-2026,76,119,1,success,200,15073,json/west_hills_college_coalinga__to__university_of_california_davis.json,
West Hills College Coalinga,67,67,"University of California, Irvine",120,120,2025-2026,76,90,1,success,200,11653,json/west_hills_college_coalinga__to__university_of_california_irvine.json,
West Hills College Coalinga,67,67,"University of California, Los Angeles",117,117,2025-2026,76,134,1,success,200,17200,json/west_hills_college_coalinga__to__university_of_california_los_angeles.json,
West Hills College Coalinga,67,67,"University of California, Merced",144,144,2025-2026,76,123,1,success,200,19652,json/west_hills_college_coalinga__to__university_of_california_merced.json,
West Hills College Coalinga,67,67,"University of California, Riverside",46,46,2025-2026,76,85,1,success,200,11090,json/west_hills_college_coalinga__to__university_of_california_riverside.json,
West Hills College Coalinga,67,67,"University of California, San Diego",7,7,2025-2026,76,168,1,success,200,23251,json/west_hills_college_coalinga__to__university_of_california_san_diego.json,
West Hills College Coalinga,67,67,"University of California, Santa Barbara",128,128,2025-2026,76,102,1,success,200,13703,json/west_hills_college_coalinga__to__university_of_california_santa_barbara.json,
West Hills College Coalinga,67,67,"University of California, Santa Cruz",132,132,2025-2026,76,130,1,success,200,17209,json/west_hills_college_coalinga__to__university_of_california_santa_cruz.json,
West Hills College Lemoore,146,146,"University of California, Berkeley",79,79,2025-2026,76,95,1,success,200,12222,json/west_hills_college_lemoore__to__university_of_california_berkeley.json,
West Hills College Lemoore,146,146,"University of California, Davis",89,89,2025-2026,76,119,1,success,200,15193,json/west_hills_college_lemoore__to__university_of_california_davis.json,
West Hills College Lemoore,146,146,"University of California, Irvine",120,120,2025-2026,76,90,1,success,200,11744,json/west_hills_college_lemoore__to__university_of_california_irvine.json,
West Hills College Lemoore,146,146,"University of California, Los Angeles",117,117,2025-2026,76,134,1,success,200,17335,json/west_hills_college_lemoore__to__university_of_california_los_angeles.json,
West Hills College Lemoore,146,146,"University of California, Merced",144,144,2025-2026,76,123,1,success,200,19776,json/west_hills_college_lemoore__to__university_of_california_merced.json,
West Hills College Lemoore,146,146,"University of California, Riverside",46,46,2025-2026,76,85,1,success,200,11176,json/west_hills_college_lemoore__to__university_of_california_riverside.json,
West Hills College Lemoore,146,146,"University of California, San Diego",7,7,2025-2026,76,168,1,success,200,23420,json/west_hills_college_lemoore__to__university_of_california_san_diego.json,
West Hills College Lemoore,146,146,"University of California, Santa Barbara",128,128,2025-2026,76,102,1,success,200,13806,json/west_hills_college_lemoore__to__university_of_california_santa_barbara.json,
West Hills College Lemoore,146,146,"University of California, Santa Cruz",132,132,2025-2026,76,130,1,success,200,17340,json/west_hills_college_lemoore__to__university_of_california_santa_cruz.json,
West Los Angeles College,91,91,"University of California, Berkeley",79,79,2025-2026,76,95,1,success,200,12126,json/west_los_angeles_college__to__university_of_california_berkeley.json,
West Los Angeles College,91,91,"University of California, Davis",89,89,2025-2026,76,119,1,success,200,15073,json/west_los_angeles_college__to__university_of_california_davis.json,
West Los Angeles College,91,91,"University of California, Irvine",120,120,2025-2026,76,90,1,success,200,11653,json/west_los_angeles_college__to__university_of_california_irvine.json,
West Los Angeles College,91,91,"University of California, Los Angeles",117,117,2025-2026,76,134,1,success,200,17200,json/west_los_angeles_college__to__university_of_california_los_angeles.json,
West Los Angeles College,91,91,"University of California, Merced",144,144,2025-2026,76,123,1,success,200,19652,json/west_los_angeles_college__to__university_of_california_merced.json,
West Los Angeles College,91,91,"University of California, Riverside",46,46,2025-2026,76,85,1,success,200,11090,json/west_los_angeles_college__to__university_of_california_riverside.json,
West Los Angeles College,91,91,"University of California, San Diego",7,7,2025-2026,76,168,1,success,200,23251,json/west_los_angeles_college__to__university_of_california_san_diego.json,
West Los Angeles College,91,91,"University of California, Santa Barbara",128,128,2025-2026,76,102,1,success,200,13703,json/west_los_angeles_college__to__university_of_california_santa_barbara.json,
West Los Angeles College,91,91,"University of California, Santa Cruz",132,132,2025-2026,76,130,1,success,200,17209,json/west_los_angeles_college__to__university_of_california_santa_cruz.json,
West Valley College,80,80,"University of California, Berkeley",79,79,2025-2026,76,95,1,success,200,12126,json/west_valley_college__to__university_of_california_berkeley.json,
West Valley College,80,80,"University of California, Davis",89,89,2025-2026,76,119,1,success,200,15073,json/west_valley_college__to__university_of_california_davis.json,
West Valley College,80,80,"University of California, Irvine",120,120,2025-2026,76,90,1,success,200,11653,json/west_valley_college__to__university_of_california_irvine.json,
West Valley College,80,80,"University of California, Los Angeles",117,117,2025-2026,76,134,1,success,200,17200,json/west_valley_college__to__university_of_california_los_angeles.json,
West Valley College,80,80,"University of California, Merced",144,144,2025-2026,76,123,1,success,200,19652,json/west_valley_college__to__university_of_california_merced.json,
West Valley College,80,80,"University of California, Riverside",46,46,2025-2026,76,85,1,success,200,11090,json/west_valley_college__to__university_of_california_riverside.json,
West Valley College,80,80,"University of California, San Diego",7,7,2025-2026,76,168,1,success,200,23251,json/west_valley_college__to__university_of_california_san_diego.json,
West Valley College,80,80,"University of California, Santa Barbara",128,128,2025-2026,76,102,1,success,200,13703,json/west_valley_college__to__university_of_california_santa_barbara.json,
West Valley College,80,80,"University of California, Santa Cruz",132,132,2025-2026,76,130,1,success,200,17209,json/west_valley_college__to__university_of_california_santa_cruz.json,
Woodland Community College,147,147,"University of California, Berkeley",79,79,2025-2026,76,95,1,success,200,12222,json/woodland_community_college__to__university_of_california_berkeley.json,
Woodland Community College,147,147,"University of California, Davis",89,89,2025-2026,76,119,1,success,200,15193,json/woodland_community_college__to__university_of_california_davis.json,
Woodland Community College,147,147,"University of California, Irvine",120,120,2025-2026,76,90,1,success,200,11744,json/woodland_community_college__to__university_of_california_irvine.json,
Woodland Community College,147,147,"University of California, Los Angeles",117,117,2025-2026,76,134,1,success,200,17335,json/woodland_community_college__to__university_of_california_los_angeles.json,
Woodland Community College,147,147,"University of California, Merced",144,144,2025-2026,76,123,1,success,200,19776,json/woodland_community_college__to__university_of_california_merced.json,
Woodland Community College,147,147,"University of California, Riverside",46,46,2025-2026,76,85,1,success,200,11176,json/woodland_community_college__to__university_of_california_riverside.json,
Woodland Community College,147,147,"University of California, San Diego",7,7,2025-2026,76,168,1,success,200,23420,json/woodland_community_college__to__university_of_california_san_diego.json,
Woodland Community College,147,147,"University of California, Santa Barbara",128,128,2025-2026,76,102,1,success,200,13806,json/woodland_community_college__to__university_of_california_santa_barbara.json,
Woodland Community College,147,147,"University of California, Santa Cruz",132,132,2025-2026,76,130,1,success,200,17340,json/woodland_community_college__to__university_of_california_santa_cruz.json,
Yuba College,90,90,"University of California, Berkeley",79,79,2025-2026,76,95,1,success,200,12126,json/yuba_college__to__university_of_california_berkeley.json,
Yuba College,90,90,"University of California, Davis",89,89,2025-2026,76,119,1,success,200,15073,json/yuba_college__to__university_of_california_davis.json,
Yuba College,90,90,"University of California, Irvine",120,120,2025-2026,76,90,1,success,200,11653,json/yuba_college__to__university_of_california_irvine.json,
Yuba College,90,90,"University of California, Los Angeles",117,117,2025-2026,76,134,1,success,200,17200,json/yuba_college__to__university_of_california_los_angeles.json,
Yuba College,90,90,"University of California, Merced",144,144,2025-2026,76,123,1,success,200,19652,json/yuba_college__to__university_of_california_merced.json,
Yuba College,90,90,"University of California, Riverside",46,46,2025-2026,76,85,1,success,200,11090,json/yuba_college__to__university_of_california_riverside.json,
Yuba College,90,90,"University of California, San Diego",7,7,2025-2026,76,168,1,success,200,23251,json/yuba_college__to__university_of_california_san_diego.json,
Yuba College,90,90,"University of California, Santa Barbara",128,128,2025-2026,76,102,1,success,200,13703,json/yuba_college__to__university_of_california_santa_barbara.json,
Yuba College,90,90,"University of California, Santa Cruz",132,132,2025-2026,76,130,1,success,200,17209,json/yuba_college__to__university_of_california_santa_cruz.json,
